文章发表时间,文章标题(article_title),文章类型,模型,文章摘要(article_abstract),文章关键词(article_keyword)
2018-08-05,基于广义随机Petri网的突发事件网络舆情演化模型,舆情演化分析,马尔科夫链 广义随机Petn网,"【目的/意义】准确掌握突发事件网络舆情的演化规律,提高政府应对能力,避免事态恶化是刻不容缓的课题。【方法/过程】本文首先从生命周期和社会燃烧视角,将突发事件网络舆情演化的各个阶段分别按照""燃烧物质、助燃剂、点火物质""集合形式进行结构化描述,探究演化过程中各阶段的关键属性以及属性之间的紧密联系。在此基础上根据广义随机Petri网理论,构建突发事件网络舆情演化的GSPN模型。最后以""山东非法疫苗事件""为例从事件代表性、谣言煽动性、情绪交融性三个方面评测演化系统的性能。【结果/结论】验证模型有效性,揭示其中的变动规律及均衡状态,为相关部门引导舆情良性发展,防范舆情失控提供决策参考。","[""网络舆情"",""社会燃烧理论"",""马尔科夫链"",""广义随机Petri网""]"
2018-08-05,基于循环神经网络的网络舆情趋势预测研究,舆情预测,循环神经网络,"【目的/意义】网络舆情预测由于对指导政府工作,维护社会稳定具有很高的现实意义,一直是网络安全领域研究工作的关注重点。但是网络舆情演化趋势复杂,影响因素众多,前人工作多考虑了单变量因素,忽视了多因素对趋势的影响,且前人采用的传统模型由于自身的局限性,针对非线性场景的预测很难收到较好效果。【方法/过程】为解决前人研究的不足,本文设计了一种基于循环神经网络的自适应学习率的网络舆情模型,根据舆情数据特点选取了多种特征构建了循环神经网络序列生成模型,针对循环神经网络模型收敛困难的问题,通过连续最优掷币策略自适应调节学习率来提高训练速度和预测精度。【结果/结论】实验结果表明,与传统方式和普通神经网络相比,本文方法有着更好的舆情预测效果。","[""网络舆情"",""循环神经网络"",""时间序列"",""舆情预测""]"
2018-08-05,新媒体环境下网络舆情用户情感演化模型研究――基于情感极性及情感强度理论,舆情演化分析,情感极性理论,"【目的/意义】对新媒体环境下网络舆情用户情感进行研究,能够剖析用户情感演化规律,从而有助于采取针对性措施对舆情信息传播进行合理控制。【方法/过程】本文基于情感极性及情感强度理论构建新媒体环境下网络舆情用户情感演化模型,以微博平台为例进行情感极性和情感强度分析用户情感演化特征及波动规律。【结果/结论】""江歌案""微博热点话题主要呈现负向情感,其比例远高于正向情感和中性情感;情感值与极性值都随着极性值的增加而增加,话题在12月11日负向情感值与极性值达到最低。","[""新媒体"",""网络舆情"",""情感极性"",""情感强度"",""情感演化""]"
2018-08-05,信息公开视阈下我国网络信息舆情管理策略模型研究,舆情应对方法,I-SCR舆情管理模型,"【目的/意义】提出""I-SCR""网络舆情管理模型,希望从政府、媒体、公众三者之间的互动关系来提出网络舆情管理完善对策。【方法/过程】将维克利""S-C-R""信息交流模式引入网络舆情信息传播情境,并针对该模型中舆情信息从政府发出(I-S)、从渠道发出(I-C)、从公众发出(I-R)三方面分别探讨网络舆情管理策略。【结果/结论】信息公开视域下的网络舆情管理策略要求我们必须构建政府、媒体、公众三者间的良性信息互动关系,使信息在三者间的传递达到动态平衡。","[""网络舆情"",""信息公开"",""信息交互"",""策略模型""]"
2018-07-30,SNA视域下体育突发事件网络舆情的形成及结构分析,舆情成因分析 舆情特征分析,SNA,"识别体育突发事件网络舆情传播的结构及特征,解析网络舆情发展的重要节点,有助于从舆情源头疏导、管理负面舆情,增强体育管理部门应对突发事件网络舆情的效率与效果。本文以""6・23国乒罢赛门""为案例,结合生命周期理论阐述了该事件网络舆情的形成;在社会网络分析视域下,分析该事件网络舆情的网络拓扑结构,揭示体育突发事件网络舆情的传播特征,为体育突发事件的舆情管理提供理论依据。研究发现:(1)体育突发事件网络舆情历经""形成-爆发-扩散-衰退""四个阶段;(2)网络舆情传播结构的整体密度不高,节点间存在普遍的交流关系,但紧密度一般;(3)节点间距离短,信息传播速度快;(4)存在凝聚子群,促生出多中心、多主体的传播网络结构;(5)有结构洞存在但约束力相对较小,信息多为直接传播,个体位置和角色相对独立。","[""体育突发事件"",""网络舆情"",""舆情传播特征"",""SNA""]"
2018-07-25,计算机文本信息挖掘技术在网络安全中的应用,网络安全与文本挖掘,文本挖掘,"21世纪是信息大爆炸时代,信息技术已在社会的多个方面得到广泛应用。信息技术改变了人们的信息传导方式,但安全隐患也随之产生。笔者概述了计算机文本挖掘技术的方法,并结合工作经验,分析计算机文本信息挖掘技术在网络安全中的应用,以期对今后的工作开展有所帮助。","[""计算机文本挖掘技术"",""网络安全"",""网络环境""]"
2018-07-15,面向政务微博的社会治理建模与实证研究,显性舆情与隐性舆情,探索性数据分析,"[目的/意义]作为""互联网+政务服务""的产物,政务微博功能综合、用户众多、信息海量、诉求多元的特点为社会治理提供了新的视角。[方法/过程]通过从数据库中随机抽取的2 000条政务微博作为研究对象,运用SPSS19.0分析政务微博在社会治理中的作用机理;使用案例分析法,选取@中央气象台、@问政银川、@北京微博群,来实证研究基于内容的可视化、基于时间线条的效率值、基于突发事件的微博群效应在社会治理的独特运作模式。[结果/结论]结果表明,政务微博在预测网络舆情、创新社会治理方面具有显著的正向作用,优质的政务微博运营理念有助于促成信息在交互场景下实现多方谋划(共建)、广泛参与(共治)、共同享有(共享)的社会化机制,以期能为政府更好地运用新媒体""听民意、惠民生、解民忧""提供一定的借鉴。","[""互联网+政务服务"",""政务微博"",""社会治理"",""突发事假"",""网络舆情"",""实证研究"",""运营""]"
2018-07-15,基于意见领袖的网络舆情引导机制研究,舆情引导机制,信度分析,"互联网技术的应用为人们提供了更加广阔的沟通和交流平台,同时也给社会舆论的引导造成一定的压力。基于意见领袖的概念及内涵对网络舆论领袖的构建及特征,实证分析意见领袖的各个特征变量对网络舆论的影响。研究结果显示,意见领袖下的网络舆论引导策略能够更好地对网络舆情进行管控,防止网络舆情危机的产生。","[""意见领袖"",""网络舆情"",""引导策略"",""信度分析""]"
2018-07-15,档案学视角下网络舆情治理模式嬗变与重构符号化分析,舆情特征分析 舆情演化分析,大数据分析,"大数据背景下的社会舆情正在发生巨大变化,社会舆情管理变得日益复杂和重要,如何准确把握社会舆情的内在特征及其演进过程中的潜在规律,实现社会舆情大数据档案在管理模式和收集技术上的创新,对于新形势下做好社会舆情引导工作,加强和改进意识形态内容建设,牢牢掌握意识形态工作领导权具有重要的理论意义和实践价值。","[""大数据"",""网络舆情"",""治理模式""]"
2018-07-10,苏州利用大数据提升政府网络舆情治理水平的对策研究,舆情应对方法,大数据分析,"信息化时代网络舆情的难以管理是各地政府都面临的难题。苏州走在现代化城市发展的前沿,大数据的运用为苏州各行业的发展增光添彩。文章顺应大数据时代的新要求,将大数据运用到网络舆情的管理,结合政府部门创新变革管理机制,是实现网络舆情管理水平提升的重要举措。","[""大数据"",""网络舆情"",""舆情管理"",""政府引导""]"
2018-07-06 13:59,基于熵权法的网络舆情预警模糊综合评价模型研究,舆情预警,模糊综合评价 熵权法,"【目的/意义】为了丰富网络舆情的预警评价研究,建设全面、有效的网络舆情预警机制,以便于相关政府部门更好地对网络舆情进行监控与管理。【方法/过程】从网络舆情的生命周期与演变过程入手,首先构建网络舆情的生命周期模型与演变过程模型,然后设计网络舆情预警模糊综合评价指标体系,同时利用熵权法确定网络舆情预警模糊综合评价体系中各级指标的权重,最后构建网络舆情预警模糊综合评价模型,从而确定网络舆情的预警等级。【结果/结论】该网络舆情预警模糊综合评价指标体系中包含4个一级指标和13个二级指标,为网络舆情预警提供了一种新的思路和方法。","[""网络舆情"",""预警"",""熵权法"",""模糊综合评价"",""指标体系""]"
2018-06-30,一种逻辑模型树算法在网络舆情中的谣言检测,舆情谣言预测,逻辑模型树算法,"网络舆情中的谣言对社会危害极大,因此有效地检测网络舆情中的谣言已是当务之急.目前,一些单一机器学习算法被相继应用到谣言检测中.针对这些单一机器学习算法在分类上的局限性,将一种融合逻辑回归与决策树的逻辑模型树方法用于谣言检测上.根据舆情分析报告上采集的数据集,实验结果表明:组合模型逻辑模型树的分类预测准确率比已应用到谣言检测的单一机器学习算法明显要高,逻辑模型树是一种有效的谣言检测方法.","[""网络舆情"",""谣言检测"",""逻辑模型树""]"
2018-06-25 11:39,基于系统动力学的政府网络舆情回应研究,舆情应对方法,动力学模型,"研究对政府网络舆情影响因素进行分析,构建政府网络舆情回应的系统动力学模型,并进行仿真分析。结果表明,政府加强信息公开程度,加快响应速度,提高新闻发言人权威可以有效地增强政府对网络舆情的回应,相应地使网络舆情热度减小。最后根据分析结果提出政府进行网络舆情回应的建议。","[""系统动力学"",""网络舆情"",""政府"",""网络舆情回应"",""仿真""]"
2018-06-25 09:51,警务新媒体应对网络舆情效果提升策略研究,舆情应对方法,SWOT分析法,"警务新媒体是公安机关新时期营造良好警民关系、引导网络舆情走向、宣传国家方针政策和法律法规的有力武器。因此针对警务新媒体应对网络舆情效果提升的策略进行探讨,结合企业竞争情报中的SWOT分析法,从优势、劣势、机会、威胁四个角度入手进行分析,提出可行性提升策略,希望对公安机关高效运营警务新媒体平台,有效开展对网络舆情的监控和引导工作起到一定的科学指导作用。","[""SWOT"",""警务新媒体"",""网络舆情"",""提升策略""]"
2018-06-25,基于结构方程模型的舆情推演研究,舆情传播规律,结构方程模型,"首先,通过对案例的观察,总结了中国负面事件的网络舆情推演基本规律,在此基础上确定了舆情推演因子;其次,根据推演流程,构建各因子相互之间的因果关系并建立模型,运用统计学理论对舆情推演模型进行检验和调整,得到各因子在整个事件发展中的相对重要关系和重要系数;最后,选取10个典型案例进行舆情效果因子预测实验,以期验证预测体系并不断完善。","[""网络舆情"",""舆情推演"",""复杂因子"",""结构方程模型""]"
2018-06-21,基于人工智能的网络舆情系统解析,舆情特征分析,人工智能,"近年来,互联网技术在我国得到长足的发展,网络已成为人们日常生活必不可少的部分。民众从网络中获取信息,也通过网络分享观点和情绪。在这个大环境下,对网络上的言论进行有效的分析,及时判断网民对突发事件的情绪情感,鼓励正面、积极的信息,引导负面、消极的信息,同时发现并制止虚假信息,减少其对群众的欺骗和误导,使互联网环境向更加健康的方向发展等方面具有重大的现实意义。本文主要分析互联网舆情系统中,对信息的分析和对情感的判断这两方面内容。","[""人工智能"",""网络舆情"",""情感分析""]"
2018-06-20,浅析大数据技术下社会舆情的收集研判处置机制,综述,大数据分析,"大数据时代的到来,已成为人类不可阻挡的趋势,也是社会发展客观规律作用的必然结果。大数据背景下社会舆情管理变得日益复杂和重要,如何抓住大数据时代社会舆情管理变革带来的机遇,改变传统社会舆情管理思维,准确把握社会舆情的内在特征及其演进过程中的规律,实现社会舆情管理在模式和技术上的创新,对于新形势下做好社会舆情引导工作,加强和改进意识形态工作,牢牢掌握意识形态工作领导权具有重要的理论意义和实践价值。","[""大数据"",""网络舆情"",""治理模式"",""创新研究""]"
2018-06-19 11:17,基于登革热事件的官方微博网络舆情可视化分析,舆情特征分析 舆情引导对策,文本分析（词频、语义、情感） 数据可视化,"目的了解公共卫生事件中政务微博的传播效果,为政府和媒体引导网络舆情与监控提出建设性意见。方法根据2017年8~9月登革热相关政务或官方微博,利用ROST内容挖掘系统软件(ROST Content Mining System Version 6.0),根据内容分析法和社会网络分析,对政务或官方微博评论内容进行词频、语义网络和情感分析,并绘制可视化图形。结果登革热官方微博评论高频词为""蚊子""""杭州""""登革热"",以此三个词语为中心呈现三组语义网络,显示为单项扩散网络和交互性网络。情感分析显示公众情感波动不稳定,整体积极情绪呈上升趋势,消极情绪递减。结论政府或组织应建立网络舆情平台,加强监控和引导,结合公众的反馈和情绪变化及时采取正确有效的措施,避免负面舆论和谣言的传播。","[""登革热"",""传染病"",""微博"",""网络舆情"",""社会网络分析"",""语义分析"",""可视化""]"
2018-06-15,网络舆情与上证指数涨跌幅的关联性分析――基于LDA主题模型的文本挖掘,舆情与其他变量的关系,LDA主题模型,"基于对网络信息进行LDA主题模型的文本挖掘和实证分析,考察网络舆情的变化与上证指数的涨跌幅之间的关联性。编写网络爬虫抓取""今日头条""网站中的一千三百余万条帖子,通过LDA主题模型的方法将网络新闻和帖子分为100类主题,考察各类主题在每天的网络舆情中所占的比重及其变化情况。分析结果显示,网络舆情中部分主题所占比重的变化情况,与上证综指涨跌幅之间具有关联性。这既反映着网络舆情作为""社会传感器""与金融市场中的社会后果之间的关联,也从网络信息挖掘的角度为有限理性和有限注意力背景下的行为经济学研究提供有益路向。","[""网络舆情"",""LDA主题模型"",""文本挖掘"",""社会传感器""]"
2018-06-15,媒介融合环境下广电应对网络舆情策略探析,舆情应对方法,风险模型,"鉴于网络舆情危机事件的难控性,本文以国家广播电视总局舆情监控为例,研究了网络舆情存在的问题,并建立了应对网络舆情风险模型,提出了基于广电应对网络舆情策略。该策略的实施对科学地认识网络舆情的产生原因、传播渠道以及传播规律都有重要作用,可减少和控制网络舆情危机事件的发生,创建政府和民众的良好关系,提高政府的执政能力,增强政府的公信力,维护社会安定有序。","[""网络舆情"",""风险模型"",""策略探析""]"
2018-06-13,面向大数据的网络舆情异常数据监测与应用研究,舆情预警,异常数据,"[目的/意义]通过对网络舆情数据的动态监测和异常感知,及时预警舆情异常,为政府掌握舆情决策的先动优势提供理论模型和可行思路。[方法/过程]分析大数据环境下激增、波动等网络舆情数据异常现象,明确舆情趋势预测、动态感知异常等异常数据监测机理。基于此,首先运用Gompertz模型进行舆情趋势区间预测,其次定义偏离度进行数据异常评级,并确定预警等级,实现异常数据的及时捕捉和快速预警。[结论/结果]通过实例验证,证明了模型可行性,可以为政府舆情引导程度提供度量依据,也为编制智能化的舆情监测软件提供算法支持。","[""大数据"",""网络舆情"",""异常数据"",""监测"",""预测""]"
2018-06-10,不同议题情境下网民意见表达意愿影响因素的实证研究,网民意见表达意愿影响因素,理性行为理论,"网民意见表达研究是洞察网络舆情的基础,基于理性行为理论,构建了网民意见表达意愿影响因素模型,并讨论了不同议题情景下,网络社区特征和网民经验对网民心理、意见表达意愿的影响机制。研究发现:在正向情境下,发表意见不会给自己带来负面影响,因此社区规范度不会影响网民意见表达意愿,社区归属感主要是通过认知态度和情感态度影响网民意见表达意愿;在负向情景下,发表意见存在一定的风险,因此网民需要根据自己的经历去衡量是否表达意见,社区参与度和社区归属感通过影响主观规范、认知态度、情感态度影响网民意见表达;在中性情景下,是非价值难以确定且判断不一,因此认知态度对网民意见表达影响不大,社区规范度和社区归属感通过情感态度影响网民意见表达意愿。","[""网络社区"",""网络舆情"",""网络民意"",""理性行为理论"",""社区归属感"",""社区规范""]"
2018-06-10,我国“学生减负”问题的网络舆情分析――以新浪微博为例,舆情分析,数据可视化,"近日,江苏省溧阳市教育局印发了《溧阳市教育局关于切实减轻中小学生课业负担的意见,其中明确了如果家庭作业来不及完成,家长签字后可免做未完成的作业,以保证学生充足的睡眠时间。该消息通过新浪微博中人民网的官方微博得到发布,并迅速引起了网民的转发与热议,形成网络教育舆论。本文试图从网络舆情传播模式、网络舆情主体、网络舆情内容三个维度对该舆情进行分析,得出以下结论:该舆情传播模式属于单核心传播模式;网络舆情主体分布存在空间与时间上的差异;舆情的焦点是部分教学管理权力从教师转向家长是否具有合理性。","[""网络舆情"",""学生减负"",""社会网络分析"",""数据可视化""]"
2018-06-05,移动社交网络舆情多主体应对的系统动力学仿真研究,舆情应对方法,系统动力学模型,"【目的/意义】移动社交网络时代,随时随地传递信息与发布动态已然成为人们的一种生活习惯。与此同时,移动社交网络的即时性、超时空性等特点也使得网络舆情进一步升级―移动社交网络舆情由此产生。【方法/过程】通过构建移动社交网络舆情多主体应对的系统动力学模型,并采用Vensim PLE软件对实例进行模拟仿真。【结果/结论】结果表明移动社交网络舆情受舆情事件、媒体、网民、政府四个主体的共同影响,降低事件敏感度、移动社交平台传播次数、网民情绪强度及提升政府的信息透明度能够有效地应对移动社交网络舆情。","[""移动社交网络"",""网络舆情"",""多主体应对"",""系统动力学"",""模型仿真""]"
2018-06-05,基于郎之万方程的网络舆情共振研究,舆情共振,朗之万方程,"【目的/意义】网络舆情共振是一种舆论叠加爆发现象,从现实情况来看,多事件引发的共振对社会的影响远大于单一事件,然而目前有关网络舆情的研究多集中在单一事件方面,有关多事件之间共振的研究相对较少。【方法/过程】本文将区域文化、人群特征、政府介入等因素作为调节变量,借鉴郎之万方程建立网络舆情共振模型,并采集2013年乙肝疫苗及2016年山东疫苗事件的数据,经过模型计算得到共振规律图,与统计相关博文数量后得到的折线图进行对比分析。【结果/结论】结果显示了山东疫苗事件与乙肝疫苗事件产生共振,证明了模型的合理性。","[""网络舆情"",""舆情演化"",""随机共振"",""朗之万方程""]"
2018-06-04,网络舆情生成与演化机制研究,舆情生成规律 舆情演化规律,多主体仿真建模,"近年来,伴随着互联网技术的发展、公民意识的提升和政府应对网络舆情观念的转变,越来越多的网民和媒体参与到舆情事件的讨论中来,复杂多变的网络舆情也随即产生。网络舆情的形成源于多种类型主体的参与,网络舆情的演化受到多方面因素的影响,其生成与演化规律很难把握。本文运用文献资料的整理与分析、问卷调查与数据分析和建模仿真与实证分析的方法来综合研究网络舆情的生成与演化规律,试图揭示各个影响因素在网络舆情演化中的作用机制和重要程度,从而为舆情监管者和工作者充分认识和深度把握各种舆情现象,进而对舆情事件进行监管和引导提供有力支持。首先,本文以网络舆情为研究对象,以网络舆情的生成与演化为核心议题,在借鉴已有研究工作的基础上,从网民、媒体和政府参与主体的角度分析了影响网络舆情演化的相关因素,然后通过因子分析法对各类因素进行相关性分析后降维得出主要影响因素;其次,在对基于多主体建模的仿真方法和舆情交互模型进行阐述的基础上,结合上述主要影响因素,构建了本文的网络舆情演化仿真模型,在模型中描述了各类参与主体的属性和前提假设,建立了网民、媒体和政府三类主体之间的交互规则;接着,使用多主体仿真平台Netlogo对模型进行仿真实验,选取引发全民关注的典型食品安全事件上海“福喜事件”作为模型的初始化数据进行实证分析,通过对模型中意见领袖的数量、媒体可信度、媒体报道强度、政府公信力、政府信息公开程度、政府引导力度和政府处置效率等参数进行调整,分析各个因素对网络舆情演化的影响;最后,根据仿真结果和典型食品安全事件传播的比对,将网络舆情的生成与演化划分为潜伏、爆发、蔓延和消解四个阶段进行其变化趋势和传播规律的分析,并针对各个演化阶段的不同特征有针对性的提出应对策略,为舆情监管者和工作者应对网络舆情提供科学决策。","[""网络舆情"",""生成机制"",""演化机制"",""影响因素"",""多主体仿真建模"",""食品安全事件""]"
2018-06-01,基于大数据的政府网络舆情应对策略,舆情应对方法,大数据分析,"随着互联网的迅猛发展,网络媒体作为一种新的信息传播形式已经渗透到人民生活的方方面面。网友言论活跃已达到前所未有的程度,越来越多的人通过网络来表达观点、传播思想、表达利益诉求。互联网已成为思想文化的集散地和社会舆论的放大器。由于互联网特有的开放性和自由性,广大网民积极利用网络平台发表对社会热点问题的看法,网络舆情就此产生。网络舆情可以及时了解社会动态、公民心声,能更好地联系政府、社会和公民,对社会稳定和国家发展有着极其重要的现实意义。伴随着大数据时代的来临,网络舆情开始呈现出体量巨大、类型复杂、价值密度低、传播速度快等新的特点,传统的网络舆情监管手段已经无法适应这些新的变化。然而,我们更应看到大数据时代的网络舆情最重要的优势在于互联网本身庞大的信息和数据量,以海量数据为基础,运用大数据思维模式,通过数据模型的建立,可以自动整理和分析出关于政治、生活、经济、社会发展的相关结论,有助于政府部门了解公众思想动态,把握时事舆论发展动态,有效协调社会分工、预防社会政治暴动、应对突发事件。但是,大数据对我国政府来说依旧是一个新颖且陌生的名词,利用大数据进行政府舆论管理就必须要转变固有传统的管理思维,改变守旧的工作模式,创新技术方法,这无疑都对政府网络舆情管理提出了巨大的挑战。本文基于上述大背景,对大数据时代的政府网络舆情应对进行全面研究,旨在运用大数据技术和理念进一步提高政府网络舆情治理的广度与深度,促使网络舆情的发展能够保持科学性、合理性,进而实现维护网络信息传播的秩序以及我国社会稳定的目的。本文由五部分组成。第一部分为绪论,介绍了文章的研究背景和意义、相关国内外研究现状并搭建了本文的理论框架。第二部分对网络舆情、大数据、舆情预判的概念进行详述,并以协商民主理论、政府治理理论为基础,为本文的研究奠定了理论前提。第三部分阐述了大数据背景下政府应对网络舆情的机遇、挑战及策略变化,主要描述了大数据背景下政府应对网络舆情面临的问题、挑战、新机遇以及策略转变。第四部分对大数据背景下政府应对网络舆情存在的问题及原因进行详细分析;第五部分给出了基于大数据的政府网络舆情应对策略,提出要优化政府的大数据技术、建立健全基于大数据的政府网络舆情应对制度体系、运用大数据提高政府网络舆情应对的能力水平。","[""网络舆情"",""大数据"",""舆情预判""]"
2018-06-01,吉林省高校网络舆情研究,舆情引导对策,统计调查,"如何更好地把握大学生网络舆情引导工作的主动权,是现阶段高校宣传思想政治工作面临的一项重要课题。尤其是在党的十九大召开以来,“青年兴则国家兴,青年强则国家强。”党和国家对青年学子的要求和殷切期盼,声声入耳、直击肺腑,反响热烈,高校网络舆情作为社会舆情的重要组成部分,正确合理的引导不仅关系到大学生价值观的判断和网络行为方式的选择,更关系到社会的稳定和发展。本论文以吉林省高校网络舆情引导为研究主题,以吉林省部分高校大学生和网络舆情引导工作相关的老师为研究对象,采取定额抽样和随机问卷调查法、以及现场访谈法对吉林省高校网络舆情引导工作的现状展开了调查。并在调查的基础上,结合网络舆情引导的相关理论来分析存在的主要问题,并提出了对策建议,维护吉林省高校校园网络舆情的稳定,为和谐高校建设大局服务。全文共分五章:第一章,绪论。阐述本研究的背景及意义,介绍国内外研究现状,阐明本研究主要内容及采用的研究方法,并指出研究的创新之处。第二章,高校网络舆情相关理论概述。阐述网络舆情及高校网络舆情的概念阐释,介绍高校网络舆情的主要内容,并进一步总结高校网络舆情的特点。第三章,吉林省高校网络舆情的现状调查。以问卷及访谈等调查方式对吉林省八所高校网络舆情的现状进行调查。第四章,吉林省高校网络舆情引导存在的主要问题及原因分析。根据调查结果,对于吉林省高校网络舆情引导存在的问题全面研究及分析形成这些问题的原因,保障吉林省高校网络舆情的后续引导工作顺利开展。第五章,加强吉林省高校网络舆情引导的对策建议。根据高校网络舆情的基本原则,从提高网络舆情引导的重视度、加强网络舆情引导工作队伍的建设、拓宽网络舆情沟通渠道、构建网络舆情引导工作的整体机制四个方面阐述了加强吉林省高校网络舆情引导的具体建设性对策。","[""吉林省高校"",""网络舆情"",""调查问卷""]"
2018-05-18 15:05,基于OTUCM模型的网络社团在线识别,网络用户分析 网络社团演化分析,OLDA模型,"[目的/意义]通过挖掘网络社团及其演化过程,有助于掌握网络用户结构及行为方式,对网络舆情分析具有十分重要的意义,当前的网络社团演化挖掘模型存在着局部最优及抗噪能力差等问题。[方法/过程]通过建立网络社团与主题的对应关系,把社团的识别转化成主题的识别。在OLDA模型的基础上引入用户参数,提出一种主题社团混合模型(OTUCM),该模型把t-1时刻社团后验作为t时刻社团先验,通过建模用户、消息、主题、词汇四者之间的概率依赖关系,生成t时刻消息―主题、主题―词汇、主题―用户三个分布矩阵。通过交叉熵计算t与t-1时刻的主题相似度,得出主题及主题下用户的演化过程。[结果/结论]在实验数据集上验证了OTUCM模型,并与当前流行算法进行对比,实验结果表明OTUCM模型在网络社团演化挖掘方面达到了良好的效果。","[""网络用户"",""网络社团"",""OLDA模型"",""网络舆情"",""主题社团混合模型"",""演化过程""]"
2018-05-18 10:55,基于相关向量机的网络舆情情感趋势预测,舆情预测,相关向量机 时间序列分析,"对网络舆情事件中网民评论的情感发展趋势进行准确预测具有非常重要的意义和价值.本文提出将网民评论的情感值作为预测指标,通过对评论的句式分析,利用短语模式计算单句及复句的情感值,构建情感值时间序列,建立基于相关向量机的网络舆情情感趋势预测模型,对网络舆情事件中网民评论情感趋势进行预测.选择新浪微博中关注度较高的头条新闻中微博评论的舆情事件作为实验对象,运用本文模型与基于BP神经网络、Elman神经网络等预测模型进行对比.实验结果表明,本文模型具有较高的预测精度,平均绝对百分误差(MAPE)和均方根误差(RMSE)均优于基于BP神经网络和Elman神经网络的预测模型,能较好地预测出网络舆情事件中网民评论情感趋势.","[""相关向量机"",""网络舆情"",""情感趋势预测"",""时间序列""]"
2018-05-15,网页文本内容情感挖掘研究,舆情特征分析,文本分析 机器学习,"基于Python语言自动爬取网页,采用机器学习算法挖掘网页文本数据中所蕴含的主观情感,并对其进行分类识别。以""青岛新闻网""网页文本数据为例,探索网络舆情发展规律,为地方政府转变社会治理思维、创新治理模式提供参考。","[""Python"",""中文分词"",""机器学习"",""负面偏差"",""网络舆情""]"
2018-05-15,舆情大数据在新闻生产中的应用,舆情分析,大数据分析,"随着我国互联网的不断发展,互联网媒体的传播力和影响力也不断增强。浙江广电舆情大数据系统利用网络挖掘技术,将对互联网海量信息和行业专业数据进行实时的采集,通过自然语言处理、敏感词过滤、智能聚类分类、主题检测、专题聚焦等大数据分析技术,实现互联网新闻线索汇聚,实时掌握并跟踪热点舆情,反馈广电节目传播情况,促进节目优化,并为决策层全面掌握网络舆情动态提供依据。","[""网络挖掘"",""新闻线索"",""大数据分析"",""网络舆情""]"
2018-05-15,基于智能元搜索代理的企业网络舆情危机预警,舆情预警,预警模型,"互联网时代,企业网络舆情危机成为了近年来重要的舆论场。本文首先介绍了智能元搜索的相关理论及工作原理,在此基础上结合中文分词系统与情感词典的运用提出基于智能元搜索代理技术的企业网络舆情危机预警方法,然后通过两种类别的六家企业进行验证,得出了其中三家企业存在着网络舆情危机,而这与企业的实际状况是相吻合的。最终证明了本文预警方法的有效性。","[""智能元搜索"",""网络舆情"",""危机预警"",""预警模型"",""智能代理""]"
2018-05-10 16:17,基于组合灰色模型的网络舆情预测研究,舆情预测,组合灰色模型,"[目的/意义]精准预测与掌握舆情事件的发展,及时发现网络舆情中的潜在危机,对社会的稳定发展具有重要意义。[方法/过程]网络舆情演化具有随机性、非线性、复杂性、因素之间不确定性等特征,利用粒子群算法(PSO)优化GM(1,1)幂模型参数,结合GM(1,N)模型构建组合灰色模型,用于预测网络舆情热度发展趋势,并通过""莆田系事件""的舆情数据对模型预测性能进行验证。[结果/结论]仿真结果表明,基于粒子群算法的GM(1,1)幂模型能够较好的解决非线性单序列的预测问题。同时,组合灰色模型比多因素灰色模型预测精确度更高,在网络舆情预测上具有一定的优势。","[""网络舆情"",""粒子群算法"",""GM(1,1)幂模型"",""GM(1,N)模型""]"
2018-05-10,基于模糊综合评价法的食品安全网络舆情预警研究,舆情预测,模糊综合评价,"根据食品安全网络舆情的影响因素,本文从舆情关注度、舆情活跃度、舆情受众、舆情传播4个角度构建食品安全网络预警指标体系,利用八爪鱼采集软件从百度和新浪微博抓取舆情指标数据。基于熵值法和层次分析法(AHP)构建模糊综合评价模型,并且以""福喜过期肉事件""为例进行实证分析,确定了该事件各阶段的舆情预警等级。实例表明该模型合理有效,具有可操作性,为政府部门食品安全网络舆情的预警研究提供了理论基础。","[""食品安全"",""网络舆情"",""模糊综合评价"",""熵值法"",""层次分析法""]"
2018-05-05,网络舆情热点话题检测聚类算法研究,舆情热点检测,聚类分析,"数据聚类是基于某种相似性度量在多维数据中识别自然分组或集群的过程。聚类是许多不同学科的基本过程。因此,来自不同领域的研究人员正在积极研究聚类问题。文章首先对代表性的基于划分的聚类方法进行了一个概述,在此基础之上,针对网络舆情热点话题检测,文章使用这几个聚类算法进行对比试验,进而分析出更适用于热点话题检测方面的算法。最后对文章的研究进行总结,归纳出本研究的局限性,并指出改进的方向。","[""数据聚类"",""聚类算法"",""网络舆情"",""热点话题检测""]"
2018-04-17 09:58,面向大数据的网络舆情多维动态分类与预测模型研究,舆情特征分析 舆情预测,k均值聚类 logistic模型 判别分析 ,"[目的/意义]研究大数据环境下网络舆情预测模型,依据网络舆情的事件类型特征,探求不同类型事件的舆情特征,从而明晰网络舆情事件类型与舆情特征类型之间的关系,为网络舆情的风险防范提供理论基础和实践指导。[方法/过程]基于案例构建网络舆情多维指标体系,识别可观测的舆情事件分类因素,进而进行多维聚类来划分舆情事件类型,同时运用多项logistic回归分析,探求网络舆情事件类型与舆情特征类型之间的关系。[结果/结论]根据""事初防变""的风险管理理念,提供的多维动态分类与预测模型可以在舆情潜伏期依据其事件类型预测其舆情特征,为进一步研究提供借鉴。","[""网络舆情"",""k-means聚类"",""多项logistc"",""判别分析"",""舆情预测""]"
2018-03-22,微博舆情监测关键技术研究及原型系统实现,舆情监测,聚类分析 文本分析,"随着互联网及移动手持设备的普及,微博因其低门槛性以及自由随性的特点,在短时间内发展迅速,变成了人们交流和获取信息的一个重要舞台。在众多的微博平台中,新浪微博最为流行,其月活跃用户数量在2017年已经达到3.76亿,每天都会产生多于1亿条的新微博。不难看出,微博的用户群体是十分庞大的,蕴含着丰富的有价值的信息,这些在微博上的信息潜移默化的影响着人们的生活,一定程度上影响了社会的发展。微博的信息量如此巨大,必须要对各种各样的信息进行甄选,这种需求是必须的而且是迫在眉睫的。从数亿微博中挖掘出影响力大的热门话题,从而对网络行为加以监督和规整,创造良好的上网环境,以及从中收获有价值的信息,进行诸如商业价值,信息传播学,以及一些社会学方面的研究。这对于社会的和谐发展、健康的网络环境的创建、积极的网络舆论的引导等都有重要的推动作用。微博舆情分析系统就是用来实现热点事件的挖掘与分析,本文主要研究有关微博舆情监测的关键技术以及介绍其原型系统的实现,论文的研究工作主要从下几个方面展开:1.本文首先介绍了微博舆情研究的目的以及国内外的研究成果;接着介绍两种采集微博数据的方式:利用网络爬虫和新浪微博API获取微博数据。网络爬虫是一种传统的获取网页数据的方式。微博开放平台主要是微博官方提供的API接口,供用户调用。2.数据预处理,首先需要中文分词,利用ICTCLAS系统对文本分词,该系统分词速度快且精度高,而且支持人为添加新的自定义词库。分词完成需要进行关键词的抽取,利用TF/IDF算法进行特征抽取,在文本表示模型上,介绍了多种常用的模型,最终采用了应用广泛的VSM向量空间模型进行文本表示。3.在舆情分析阶段,最重要的是运用适当有效的聚类算法对文本进行聚类。本文对比了一些传统的聚类算法的优缺点,针对微博文本的特殊性,对传统的k-means聚类算法进行了改进,得到并验证了改进后的算法。聚类结果为后续微博舆情分析,热门话题检测,文本倾向性分析的基础。","[""网络舆情"",""网络爬虫"",""文本分词"",""文本处理"",""聚类算法""]"
2018-03-10,特定领域下实时主题建模与事件检测,舆情特征分析,主体建模,"近年来,随着技术的不断发展,互联网上每天都会产生大量的信息,特别是一些与生活紧密相关的热点话题以及一些重要的大事件往往会通过网络率先引发、传输和扩散,这些信息往往会对社会公共安全造成重大影响,一方面人们越来越多的通过网络诉求、宣泄情感并且评论时事,另一方面网络也会成为虚假信息传播和扩散的平台,会被一些不法分子利用。所以如何高效、实时、全方位从网络数据流中捕捉热点话题和事件已经成为网络舆情监控以及社会公共安全分析的重要研究内容。本文基于以上应用需求,构建了一个面向新闻流的实时主题建模和事件检测框架,集成了实时主题建模和事件检测的算法,并在此基础上进行了相关的主题挖掘工作。总的来说,它有效地解决了如下的问题：1)如何基于海量新闻流快速的进行主题建模,本文所用的主题建模算法能应用于大数据和数据流；2)如何快速有效的检测事件并进行相关的特征抽取,通过模块化和相关数据结构和数据库的设计,本文的事件检测算法能做到及时高效;3)如何通过相关的主题挖掘进行诸如主题的演化、演变等问题的研究,基于本文的算法和对事件和主题的表达可以方便有效地获得想要了解的问题。本文以社会公共安全为应用领域,构建了食品安全数据集上进行实验。实验结果表明,本文所用的主题建模和事件检测算法精度、效率以及可解释性表现良好,可较好地满足相关的应用需求。","[""网络舆情"",""公共安全"",""主题建模"",""事件检测""]"
2018-03-05,基于Hadoop平台的并行kNN网络舆情分类算法,舆情特征分析 舆情演化分析,k近邻,"针对网络舆情数据存在数据量大、分散度高、数据非结构化等特点,而常用的文本分类算法难以实现对网络舆情快速、准确分类的问题,因此提出一种基于Hadoop平台的并行k NN网络舆情分类算法,利用Hadoop分布式存储特性和设计并行k NN的MapReduce程序来解决处理大批量数据时存在的问题。对并行k NN算法进行分类能力和分类效率进行测试验证,实验结果表明,基于Hadoop平台的并行k NN网络舆情分类算法在处理大批量网络舆情数据时,能够快速、高效和准确对网络舆情数据进行分类。","[""k邻近"",""分类"",""Hadoop"",""舆情"",""MapReduce""]"
2018-02-15,基于隐马尔科夫链的医暴舆情热度分析,舆情演化方式,隐马尔科夫模型,"突发医患暴力事件近年多次出现在公众视野中,同时伴随着大量虚假消息与激烈观点,已成为医患关系中的一个不稳定因素。为预警并管控此类事件,对舆情的发展研究成为日前决策支持领域的新课题。本文运用隐马尔科夫(HMM)模型理论,选择舆情热度与公众情感分别作为其显状态与隐状态,实证验证了模型可行性与有效性,在现有研究上更深入地探讨并揭示了突发医暴舆情的一般发展模式。","[""医疗暴力"",""网络舆情"",""热度分析"",""隐马尔科夫模型""]"
2017-11-25,基于ACVCP的网络舆情信息情感维度空间的模型构建,舆情分析,心理学模型,"文章以网络舆情信息情感维度空间为研究对象,根据A-V-P心理学模型研究网络舆情信息情感维度空间的立体结构与内容,进行多维度、多关联的网络舆情信息情感维度空间的构建研究以及子空间中各个维度的立体构成要素的内容、语义和关联分析,有利于提高舆情分析、监测和预警的效率和精度。","[""心理学模型"",""网络舆情"",""信息情感"",""维度空间"",""模型构建""]"
2017-11-25,基于BP神经网络的网络舆情预警监测研究,舆情预警,BP神经网络,"近年来,因网络舆情引发的危机事件激增,社会的和谐与稳定受到威胁,对网络舆情的预警已是迫在眉睫。通过创建5个预警指标并对其进行量化,使信息判断更加科学、准确。网络舆情预警过程复杂且存在着不确定性和非线性,鉴于BP神经网络自学习自适应的特点及其能够充分逼近任意复杂的非线性关系,文中借助BP神经网络构建网络舆情预警模型对网络舆情进行定量预警。最后通过2016年""高考减招""等11个网络舆情事件对该模型验证了其可行性和有效性。","[""网络舆情"",""预警指标"",""预警监测"",""BP神经网络""]"
2017-11-18,面向舆情大数据的网民情绪演化机理及趋势预测研究,舆情演化分析 舆情预测,微分方程,"[目的/意义]大数据环境下,不同的网民情绪在舆情传播过程中相互影响,有些甚至产生""群体极化""现象,如何准确把握网民情绪演化机理并预测其演化趋势是大数据环境下网络舆情治理的重要内容。[方法/过程]定性分析大数据环境下网民情绪特征和分类,构建网民情绪演化机理的微分方程模型,通过计算模型平衡点及其稳定性条件研究网民情绪竞争场景以及通过回归分析研究网民情绪演化趋势预测问题。[结论/结果]经过理论建模和仿真分析得出不同类型情绪网民数量的变化规律,得出面向网络舆情的网民情绪趋势预测方法,最后提出网民情绪演化机理模型高维拓展问题、同时期舆情事件对网民情绪的冲击问题以及网络舆情信息内容和网络推手等对网民情绪的影响问题等一系列有待进一步研究的问题。","[""网络舆情"",""大数据"",""网民情绪"",""微分方程"",""演化机理""]"
2017-11-18,文本挖掘在企业网络舆情分析中的应用研究,舆情分析,文本挖掘,"利用Python爬虫技术采集两家拉链龙头企业的移动微博舆情信息,用文本挖掘技术对舆情信息进行词云分析、关联分析、倾向性分析和数据分类分析,分析结果体现了竞争对手的定位、口碑等差异,可辅助于企业决策支持。","[""网络舆情"",""网络爬虫"",""文本挖掘"",""Python语言""]"
2017-11-18,网络舆情监测系统的设计与实现,舆情监测,情感分析,"舆情监测对政府及相关部门在发现和处理社会舆论方面有重要的指导意义。介绍了舆情监测系统开发的相关技术,分析了系统的主要功能,对系统功能模块进行了设计,实现了网络舆情监测系统,并进行了系统测试。结果表明,该系统能够通过短时间的数据采集和分析,及时发现网络上存在的负面新闻。","[""网络舆情"",""网络爬虫"",""舆情监测"",""情感分析""]"
2017-11-15,引入时间机制的网络舆情演化分析方法研究,舆情预警,时间聚类,"网络舆情的迅速发展使舆情发展成为研究热点,它对舆情的预测预警具有重要意义。从文本聚类入手,针对舆情的演化分析过程,在时间序列上进行K-means聚类研究,得到聚类中心,又依此对聚类中的词频统计进行时序加权处理,使统计所得关键词更具有代表性。通过对时间聚类法和时序加权统计法所得关键词的分析,得到了舆情演化的趋势。研究结果表明该方法降低了聚类的维数,减少了噪声,提高了聚类的准确度,增强了演化分析的可信度。","[""网络舆情"",""时间聚类"",""加权"",""关键词"",""演化分析""]"
2017-11-15,大数据环境下网络舆情信息交互模型研究,舆情信息交互,信息交互模型,"[目的/意义]面向大数据研究多个网络传播平台之间网络舆情信息交互模型,能够准确把握大数据环境下网络舆情演化趋势以及网络信息在多个平台之间的传播规律,为政府治理网络舆情提供参考依据。[方法/过程]定性分析大数据环境下网络舆情信息交互机理,通过定义交互系数,基于微分方程理论构建网络舆情信息交互模型,并应用差分回归法对各个媒体平台的网络舆情信息交互趋势开展预测。[结论/结果]经过理论建模和实证分析得出本文构建的信息交互模型及趋势预测方法是可行的,以上理论研究可为政府准确把握大数据环境下网络舆情演化规律,制定网络舆情治理对策提供参考依据。","[""大数据"",""网络舆情"",""信息交互"",""模型"",""趋势预测""]"
2017-11-05,基于网络舆情的信息空间网络结构及特征研究,信息空间网络结构与网络舆情,社会网络分析,"本文利用社交网络分析法和GIS可视化,在地理学视角下,对微博中""山东毒疫苗事件""信息传播路径进行定量分析。研究发现:(1)空间结构与社会经济具有相对一致性,表现为网络中节点的出入度与社会城市发展具有指向性,在个别中心城市间(北京、广东、上海)有所区别;(2)舆论微博传播具有地域性,不同的地域都形成中心节点城市,这些城市主导着周边乃至全国范围内的舆论方向;(3)相同时间段内的舆论信息传播路径数量在空间分布上呈现出不对称性,东部地区要比中西部地区密集。","[""网络结构"",""空间特征"",""社会网络分析(SNA)"",""网络舆情""]"
2017-10-18,基于改进SIR模型的群体意见竞争演化研究,群体意见竞争演化,SIR模型,"[目的/意义]社会中的每个个体及其交互构成了庞大的社会网络,在沟通与交互过程中,不同的个体有其独特的认知与意见表达,由此形成了多样化的群体意见。群体意见竞争演化的研究,对于网络舆情,尤其是重大突发事件中舆情的疏导具有重要理论和实践意义,而当前对于多样化意见的竞争演化研究仍有所不足。[方法/过程]以经典SIR模型为基础,对模型进行改进与优化,加入多意见群体的竞争机制,并结合意见动力学等理论,建立群体意见竞争演化模型SI_nR,探究易感人群S、多意见传播群体I_i、免疫群体R在社会网络中的竞争演化过程。[结果/结论]以微博平台为研究载体,进一步结合网络爬虫技术和MATLAB程序对微博平台信息传播演化实例,进行仿真分析,揭示不同情景下系统的演化特征,分析参数灵敏度,为网络舆情的积极引导与有效监督提供理论参考。","[""SI_nR模型"",""竞争演化"",""意见动力学"",""系统仿真"",""网络舆情""]"
2017-10-15,网络舆情情感倾向分析模型研究,舆情分析,机器学习,"随着互联网技术的快速发展,网络舆情成为舆情系统中重要的组成部分.网络舆情除具备一般舆情系统的特点外,还具有突发及匿名等特点,将现有的基于语义词典的分析方法和基于机器学习的分析方式相结合并验证其有效性.实验结果表明,该方法较单一方法分析准确率更高.","[""舆情"",""情感倾向"",""本体"",""机器学习""]"
2017-10-05,一种基于时间序列的热点话题发现模型和算法,舆情发现,时间序列分析,"【目的/意义】网络舆情的热点话题对政府和网民有着很大的影响,及时发现热点话题有利于政府监控话题的发展。【方法/过程】本文提出了基于时间序列的话题动态演化两层模型,并将新闻网页内容的相似度和页面链接分析作为话题热度的计算依据,然后利用改进的Single-Pass算法进行增量聚类获得聚类中心,最后根据热度权重将聚类中心进行排序,获得热点话题。【结果/结论】通过实验验证,该算法发现效果好,能够更好地获得热点话题。","[""网络舆情"",""时间序列"",""话题发现"",""聚类"",""话题演化""]"
2017-10-05,基于社会网络分析的新媒体网络舆情传播监管研究,舆情传播规律 舆情监管,社会网络分析法,"【目的/意义】研究新媒体环境下网络舆情信息传播路径和传播规律,对相关部门加强网络舆情监管提供理论和应用支撑。【方法/过程】基于社会网络分析法(Gephi),以新浪微博话题为实证案例对获取的数据进行研究,最终对新媒体环境下网络舆情传播特质进行分析。【结果/结论】研究结论揭示了新媒体环境下网络舆情传播特质和传播规律,为实践层面新媒体环境下网络舆情传播监管提供了理论及实践支撑。","[""网络舆情"",""舆情传播"",""社会网络分析法""]"
2017-10-05,网络舆情波动性特征的GARCH模型分析,舆情分析,GARCH模型,"【目的/意义】随着移动互联网技术的飞速发展,社交网络信息数量呈现爆炸式增长,民众对于热点事件的评论形成强大的舆情力量,因此对舆情的分析与监控成为目前重点关注的问题。【方法/过程】为此,本文基于GARCH模型,以""甘肃白银连环杀人案""事件为例,对网络舆情的波动性进行研究。【结果/结论】通过舆情数据的收集和分析,研究结果表明,该新闻舆论出现与GARCH模型的特点相一致,模型和数据可以通过调整参数实现完美拟合。","[""GARCH模型"",""网络信息"",""舆情"",""波动性""]"
2017-10-05,个人求助网络募捐模式下的网络舆情博弈策略研究,舆情博弈策略,博弈论,"【目的/意义】个人求助网络募捐模式下网络舆情演变各阶段参与主体的认知和利益诉求的差异会影响其行为策略选择,利用演化博弈理论可以从根本上分析舆情的形成与演化动因。【方法/过程】以罗尔事件为例,在动态演化博弈模型基础上探究网络舆情形成、发展、控制三阶段多方参与主体的演化稳定策略选择,并对网络舆情的演变提出合理的指导意见。【结果/结论】根据博弈结果可知:受助人联合企业发布虚假求助信息、网民采取捐助是网络舆情形成阶段的演化稳定策略;事件内情的曝光,网民总体倾向质疑使网络舆情进一步发酵,此时政府的有效干预与相关责任方合理解释有利于控制舆情的波动,使公众利益得到补偿,从而缓解舆情的负面影响。","[""个人求助"",""网络募捐"",""演化博弈"",""演化稳定策略""]"
2017-09-25,基于大数据技术的舆情分析与决策支持系统架构研究,舆情分析 舆情应对方法,大数据分析,"大数据背景下,传统的舆情分析技术和监控系统很难适应海量舆情信息的大数据特征。构建了基于大数据技术的舆情分析与决策支持系统的分层架构,并详细介绍了系统中所使用的关键技术。大数据给社会舆情分析与政府决策支持带来了新的机遇,基于大数据技术的舆情分析与决策支持系统为决策者应对舆情危机提供了科学化的信息支持。","[""舆情分析"",""决策支持"",""大数据技术"",""Hadoop"",""系统架构""]"
2017-09-18,基于大数据的校园网络舆情挖掘研究,舆情分析,大数据分析,"随着信息技术的发展,高校已经成为信息化的主要阵地。在高校校园中,每天的数据量按照PB的规模级进行增长,进而给学校学生工作和思想教育带来极大的挑战。基于上述的背景,在分析大数据和舆情分析的基础上,对高校网络舆情的新特点进行了深入的分析。由此,根据上述的需求,提出一种高校网络舆情分析系统,并对其需求、功能和架构等进行了初步设计。以此,通过设计,为大数据在高校网络舆情中的应用提供借鉴参考。","[""大数据"",""MapReduce分布式"",""思想政治"",""网络舆情"",""数据挖掘""]"
2017-09-18,面向突发事件的网民情绪演化系统动力学模型研究,舆情演化分析,动力学模型,"[目的/意义]近年来,突发事件的网络舆情面临着严重的安全监管形势,而网民情绪作为重要效能因素,其演化机制将很大程度影响事件舆论的走向。[方法/过程]针对突发事件下网民情绪演化的研究,采用系统动力学建模方法,分别从网民自身因素、媒体环境因素以及政府情绪引导控制因素三个影响网民情绪演化的主要方面进行分析,以网民情绪强度作为反映网民情绪演化情况的量化指标,强度越高,表明传播越迅速,范围越广。[结果/结论]通过模拟仿真,从而得出若干条关于面对突发事件的网民情绪演化规律。","[""突发事件"",""网民情绪"",""系统动力学"",""网络舆情""]"
2017-09-15,基于社会网络分析的移动舆情传播模式及监管策略研究,舆情传播规律 舆情监管,社会网络分析法,"[目的 /意义]研究在互联网环境下舆情信息传播路径及传播规律,使社会网络分析法在今后的舆情信息研究中能够更好地被应用,使其理论和方法更加完善,也能对移动环境下舆情传播监管对策具有一定的借鉴意义。[方法 /过程]在对研究对象界定的基础上,利用社会网络分析法(Gephi软件)结合新浪微博""大学生理财""的话题所采集的基础数据,对移动网络环境下舆情传播特征、过程、规律进行实证研究,参考研究结论提出具体监管对策。[结果 /结论 ]验证了社会网络分析方法对于移动环境下网络舆情信息传播研究的有效性和实用性,说明了移动环境下网络舆情信息传播的大致特点,并且为今后进行此项研究提供了新的思路,为实践层面监管网络舆情信息传播提供了借鉴模式。","[""网络舆情"",""舆情传播"",""社会网络分析法""]"
2017-09-15,大数据环境下的网络舆情管理系统设计,舆情管理系统设计,文本分析,"随着网络的快速发展,越来越多的人们通过网络发表个人观点及看法,网络舆情成为社会舆情中的重点对象和主要方式。本文通过对大数据环境下网络舆情及其特点的阐述、分析,结合数据挖掘、文本情感分析等技术,初步构建出了网络舆情管理系统的模型。","[""大数据"",""网络舆情"",""数据挖掘"",""文本情感分析""]"
2017-09-13 13:38,基于语义隶属度模糊推理的网络舆情监测预警实证研究,舆情预警,模糊推理,"[目的/意义]挖掘网络舆情相关信息,构建基于语义隶属度模糊推理的网络舆情监测预警评估方法,对实现网络舆情危机监测和预警具有重要意义。[方法/过程]采用扎根理论提取、筛选指标要素,使用改进的AHP法确定指标权重,通过二级模糊综合评判方法判定舆情信息的语义隶属度,建立基于语义隶属度模糊推理的网络舆情监测预警模型。[结果/结论]能够对网络舆情事件进行有效监测和预警,为网络舆情预警评估的实现和应用提供一个整体、系统的科学依据,提高网络舆情实时监控能力和管理能力。[局限]诸多平台数据和隐性指标数据未能予以完全考虑。","[""语义隶属度"",""模糊推理"",""网络舆情"",""舆情监测"",""舆情预警""]"
2017-09-13 13:38,基于灰色关联分析的网络舆情意见领袖识别及影响力排序研究――以新浪微博“8・12滨海爆炸事件”为例,舆情意见领袖识别与影响力排序,灰色关联分析,"[目的/意义]突发事件中网络舆情意见领袖扮演着传播、引导、推动舆论发展等重要作用,有效识别意见领袖对实现网络舆情监测和预警具有重要意义。[方法/过程]结合网络舆情在微博平台的传播特征,从影响力、活跃度和认同度3个维度出发,构建微博意见领袖指标体系,应用一种改进的模糊―层次分析法确定指标要素权重,并通过灰色关联分析法构建一种意见领袖识别模型及影响力排序方法。[结果/结论]提供了一种意见领袖识别模型,可以科学有效地对网络舆情事件的意见领袖进行识别和影响力分析。[局限]指标量化维度和隐性指标数据存在一定的可扩展性。","[""微博"",""网络舆情"",""意见领袖"",""灰色关联分析""]"
2017-09-08,智能化的平行实验方法,舆情分析与智能化平行实验方法,ACP方法,"ACP(Artificial Society,Computational Experiments,Parallel Execution)方法作为解决复杂系统研究分析问题的手段,已经在公共安全等领域发挥了重要的作用。随着大数据、智能学习、博弈方法等技术的发展,为解决研究中遇到的核心问题,提出一种智能化的平行实验方法,基于该方法讨论了在公共安全、生物威胁安防和联合作战实验方面的研究可能性。给出了方法在公共安全领域的案例,包括人群疏散案例、网络舆情案例以及化工区安防案例。基于案例进一步拓展智能化的平行实验方法在更多领域的应用和思考。","[""ACP方法"",""智能化"",""公共安全"",""生物威胁"",""作战实验""]"
2017-09-08,面向网络舆情仿真的人物智能体建模,舆情成因分析 舆情演化分析,仿真分析,"人是社会中具有自主行为的个体,对网络舆情突发事件的发生、发展具有重要影响,同时由个体组成的群体是舆情事件的承灾体,因此使用仿真建模手段探索网络舆情发生、发展机理,为舆情事件应急处置措施提供决策支撑时,对个体行为的建模仿真显得尤其重要。面向网络舆情仿真,分析了个体信息处理的心理行为过程,提出了能够反映个体心理行为过程的机理模型,基于实际数据进行了个体模型的实现、参数分析和仿真实验。","[""舆情仿真"",""人物建模"",""心理行为"",""机理模型""]"
2017-09-05,基于残差修正的多因素灰色模型的网络舆情预测研究,舆情预测,多因素回测模型 BP神经网络,"【目的/意义】精准预测与掌握舆情事件的发展,及时发现舆情中的潜在危机,对社会的长治久安具有重要意义。【方法/过程】针对网络舆情演化的不确定性、多变性与灰色性等特征,选取多个指标数据建立多因素灰色模型(MGM(1,m))。同时,为提高预测结果的精确度,利用BP神经网络对多因素灰色模型的预测残差进行修正,构建基于残差修正的多因素灰色模型,并结合""莆田系事件""对模型预测性能进行验证。【结果/结论】仿真结果表明,相对于单一序列GM(1,1)模型和无残差修正的多因素灰色模型,残差修正后的多因素灰色模型在网络舆情预测上具有一定的优势。","[""网络舆情"",""多因素灰色预测模型"",""BP神经网络"",""网络舆情预测""]"
2017-09-01,浅谈文本聚类算法对网络热点发现精准度的影响,舆情发现精准度与聚类算法,文本聚类,"面对舆情载体已从传统媒体向互联网转移的新形势,从网络舆情热点发现的主要技术出发,研究网络舆情热点发展的规律,准确把握网络舆情热点,提高网络舆情的精准度。在此基础上,重点分析文本聚类中不同种类的算法研究对网络热点发现精准度的影响。","[""网络舆情"",""热点发现"",""文本聚类"",""精准度""]"
2017-08-28,企业网络舆情安全管理能力模型建构――基于涌现利用的研究视角,舆情安全管理,改进的DEMETAL,"为了分析企业网络舆情安全管理能力要素之间的相互作用关系和结构属性,提出了一种基于涌现理论并综合运用AHP和DEMETAL方法分析企业网络舆情安全管理能力的分析路径。首先,在现有网络舆情和安全管理研究成果的基础上,充分参考学者和行业专家的意见,建立企业网络舆情安全管理能力概念模型和构成要素集;其次,针对传统DEMETAL方法的不足,构建了结合AHP改进的DEMETAL方法;最终通过问卷调研建立要素间影响关系判断矩阵,通过计算要素中心度和原因度来确定要素之间影响关系。结果表明,所用方法可以用来分析企业网络舆情安全管理能力并建构相关结构模型。","[""安全管理能力"",""网络舆情"",""涌现"",""DEMETAL""]"
2017-08-25,网络舆情主动感知技术探析,舆情主动感知技术,主动感知技术,"针对网络舆情主动感知技术研究的片面性和主动感知界定的模糊性,对主动感知技术进行初步探析。按照舆情分析的主要流程,以信息获取、处理和分析模块为基础,从感知来源、感知内容、感知方法 3个方面对技术原理及难点进行了探讨;感知来源主要分为网页感知、微博感知、论坛感知;感知内容主要有语义感知和文本感知;感知方法主要有关联感知和预测感知。对网络舆情各方面的主动感知技术进行了框架性的描述。","[""网络舆情"",""主动感知技术"",""来源感知"",""内容感知"",""方法感知""]"
2017-08-25,网络舆情观点主题识别研究,舆情观点分析,LDA模型,"【目的】识别网络舆情中的观点主题。【方法】通过舆情信息内容、用户关系、用户行为三个方面的4个维度(时间维、用户维、内容维、观点维)的关联,构建微博舆情观点主题识别模型。【结果】提出包括舆情网络构建、观点主题抽取及聚类、""用户C所属观点主题""2-模网络构建、观点主题演化分析4部分的网络舆情观点主题识别方法体系,实验结果证明该方法体系可有效识别网络舆情中的观点主题。【局限】用户属性对观点主题识别的影响有待进一步考虑。【结论】基于社会网络视角,利用LDA主题模型,可多方面、多维度地识别网络舆情观点主题。","[""网络舆情"",""社会网络"",""LDA模型"",""主题识别"",""观点主题""]"
2017-08-15,基于SAPSO_RBF神经网络的网络舆情预测研究,舆情预测,RBF神经网络 粒子群算法 模拟退火算法,"网络舆情的发展具有复杂、时变的特征,构建时间序列分析模型对网络舆情预测具有现实意义,为了提高径向基神经网络模型的预测准确率,利用模拟退火算法优化后的粒子群算法实现对RBF神经网络的优化,构建SAPSO_RBF神经网络的网络舆情预测模型,并以""魏则西""事件为例进行实验仿真和分析,结果表明该模型在预测性能上具有较好的优越性和稳定性。","[""网络舆情"",""RBF神经网络"",""粒子群算法"",""模拟退火算法""]"
2017-08-15,网络舆情演化机理多维建模与仿真研究,舆情演化分析,logistic模型,"[目的/意义]研究网络舆情演化的多维度模型,从更高视角解读网络舆情传播规律,丰富和完善网络舆情传播理论。[方法/过程]定量分析网络舆情趋势预测中信息增长率的变化问题,构建以增长率和时间为自变量,信息累计数量为因变量的多维函数模型,并通过MATLAB仿真研究各个参数对网络舆情传播的影响以及网络舆情传播路径分析,然后通过""成都女司机""微博数据验证了模型的可行性,更加直观地诠释了高维模型研究网络舆情演化机理的优势。[结论/结果 ]经过理论建模和实证分析得出,将logistic模型拓展到高维研究网络舆情演化机理是可行的,并且多维度模型很好地解释了网络舆情数据出现多个""峰值""现象,而网络舆情统计数据的实质是高维度模型曲线在时间轴的投影。","[""网络舆情"",""Logistic模型"",""演化机理"",""仿真分析"",""实证分析"",""大数据""]"
2017-08-15,网络舆情事件演化的仿真实践研究,舆情演化分析,Netlogo仿真,"基于Net Logo仿真系统构建了网络舆情事件的演化仿真模型。利用图形化的界面和NetLogo特有的Turtle、Patch、Link代理Agent组成网络舆情事件的复杂网络仿真系统。实现了以图形输出窗口展现网络舆情传播演化的过程,从而直观地展示了网络舆情事件的初发、加剧、爆发、衰弱至消亡的整个生命周期。局限在于没有考虑动态的网络关系和社区网络结构对仿真模拟的影响。本文通过仿真实践发现了在网络舆情事件演化过程中各因素的相互作用关系,也为网络舆情演化仿真提供了可视化范例。","[""网络舆情"",""群体性事件"",""NetLogo"",""仿真"",""复杂网络""]"
2017-08-15,基于SNA与模糊TOPSIS的网络舆情关键节点识别分类模型研究,舆情关键节点分类,SNA 模糊TOPSIS,"[目的/意义]在舆情监控和管理的实践过程中,迅速有效地识别出舆情网络中的关键节点,对舆情的监督和治理具有重要意义。[方法/过程]从内容与结构双重维度,设计一种完整的网络舆情关键节点挖掘、识别和分类的技术方法。涉及Goo Seeker、Gephi、Fuzzy AHP和TOPSIS等软件和算法,并以新浪微博""8・12滨海爆炸""事件为例进行具体分析。[结果/结论 ]突破了单纯从单一维度进行关键节点排序的局限性,使关键节点的识别与分类进一步深入,并明确演化特征,对网络舆情的科学应对具有参考价值。","[""网络舆情"",""关键节点"",""识别"",""分类"",""社会网络分析"",""综合评价""]"
2017-08-10,基于贝叶斯网络的应急预测算法在群体性突发事件网络舆情中的优势研究,舆情应对方法,贝叶斯网络,"随着网络社会的逐渐发展,群体性突发事件可以通过互联网形成网络舆情,并对政府及企业处理群体性突发事件带来极大挑战.网络舆情的变动机制、阻动机制、启动机制与驱动机制分别在爆发、终结、形成与扩散阶段起到了引导作用.论文阐述了贝叶斯网络应急预测算法在网络舆情中群体事件性能方面的优势.","[""群体性"",""突发事件"",""网络舆情"",""演变""]"
2017-08-09 15:11,基于大数据分析的突发事件网络舆情预警研究,舆情预警,大数据分析,"[目的/意义]随着社交媒体的发展,突发事件经由网络传播引发网络舆情,网络舆情的预警是引导网络舆情,进而管控突发事件发展态势的前提,在大数据环境中,突发事件网络舆情的预警需要大数据分析,其对应急决策起着关键性的作用。[方法/过程]从国内外学者的研究经验出发,文章将文献研究和案例研究结合,强调网络舆情预警中的大数据分析既需要大数据分析能力,更需要在网络舆情预警的数据采集、舆情分析和监测预警三阶段中的大数据分析技术支撑。[结果/结论]着眼于网络舆情预警的特点,将""有形资源""――大数据分析技术和""无形资源""――大数据分析能力两者融合突破网络舆情预警的传统方式,构建突发事件网络舆情预警分析体系,增强突发事件网络舆情预警的有效性。","[""大数据分析"",""突发事件"",""网络舆情"",""舆情预警"",""案例分析""]"
2017-08-06,突发公共事件网络信息非线性动力学传播模型分析,舆情传播规律,非线性动力学,"突发公共事件网络信息传播呈现出形态多样、迅速及时、范围广等特性。在分析突发公共事件网络信息传播特点的基础上,给出了突发公共事件网络信息传播的影响因素,接着深入分析了三种突发公共事件网络信息传播模型SIR、信息熵模型、带时滞的SIRS。","[""突发公共事件"",""信息传播"",""非线性动力学"",""数学模型""]"
2017-07-25,网络舆情危机等级评价模型构建及其应用――以廉政网络舆情为例,舆情评估,等级评价模型,"文章在给出廉政网络舆情危机等级评价模型构成维度的基础上,构建廉政网络舆情危机等级评价模型,明确其优先级运算方法。以""张昆生严重违纪""与""社保局科员私吞九百万养老金""两起廉政网络舆情危机事件为例,对其舆情危机等级进行判定,证明构建的廉政网络舆情危机等级评价模型合理有效。","[""网络舆情"",""舆情危机"",""廉政"",""等级评价模型""]"
2017-07-20 22:34,大数据环境下基于SVM-WNB的网络舆情分类研究,舆情分类,SVM-WNB 算法,"当前网络舆情信息存在数据量大、流动快及数据非结构化等特点,难以实现对其快速、准确的分类。SVM算法和朴素贝叶斯算法都是性能优秀的传统分类算法,但无法满足快速处理海量数据。文章利用Ha-doop平台可并行处理分布式数据存储的优良特性,提出了HSVM_WNB分类算法,将采集的舆情文档依照HDFS架构进行本地化存储,并通过MapReduce进程完成并行分类处理。最后利用实验验证,本算法能够有效提升网络舆情分类能力与分类效率。","[""大数据"",""网络舆情"",""Hadoop云平台"",""SVM-WNB算法"",""并行处理""]"
2017-07-20,基于支持向量机的网络热点话题预测,舆情预测,支持向量机,"热点话题是一种人们在网络上表达自己意见和看法方法的重要方式,针对网络热点话题的变化特点,为了解决当前网络热点话题预测模型存在预测精度低、预测结果不稳定的难题,设计了一种基于支持向量机的网络热点话题预测模型。收集网络热点话题数据,并对数据进行预处理,采用支持向量机建立网络热点话题预测模型,采用VC++6.0实现网络热点话题的仿真实验,改善了网络热点话题的预测效果,而且可以满足网络热点话题在线需求,具有一定的实际应用价值。","[""热点话题"",""网络舆情"",""支持向量机"",""仿真测试""]"
2017-07-15,模糊推理的网络舆情观点聚合CA模型研究,舆情观点分析,元胞自动机 模糊推理,"为了探究网络舆情的演化机理及传播机制,并考虑到舆情信息以及舆情个体态度的模糊性特点,提出一种基于模糊推理理论的网络舆情观点聚合的CA(Cellular Automaton)模型.定义关注度、态度群落、环境适应强度三种舆情个体属性.将个体属性模糊化,建立模糊推理规则库.把模糊属性反模糊输出的值作为元胞情感状态变化权重,在元胞自动机模型Moore邻域结构下演化并分析个体属性以及邻域环境对网络舆情观点聚合现象的影响.并仿真得到了两种不同模糊定界下的网络舆情观点聚合效果,这些""类聚""状态反映了舆情生命周期的阶段特点,为舆情应对和引导提供参考.","[""元胞自动机"",""网络舆情"",""模糊推理"",""观点聚合"",""MATLAB仿真""]"
2017-07-15,大型电视节目网络舆情大数据分析技术方案及实现,舆情分析,用户画像,"本文简要介绍了大型电视节目网络舆情大数据分析系统的总体架构,并详细介绍了数据分析的实现步骤,通过深度分析,以期为大型电视节目的制作、播出以及相关活动,提供强有力的支持。","[""大数据"",""舆情分析"",""情感评价"",""用户画像""]"
2017-07-15,基于BP神经网络的网络舆情预警模型研究,舆情预警,BP神经网络,"随着智能移动终端的普及,互联网开创了一个多维的自由言论平台。众多网民面对社会突发事件主观臆断地发表言论,引发了一系列网络舆情事件的发生,进而导致社会的恐慌和不稳定。本实验从敏感度、倾向度等5个维度指标对""宁波镇海PX事件""""昆明PX事件""""云南晋宁冲突事件""等案例进行描述,使用Matlab软件函数对数据归一化预处理,再经过样本训练学习和目标测试,最后建立舆情预警模型。实验表明,模型的预警测试效果准确率达到90%以上,本实验的网络预警模型是有效可行的,能为政府和企事业单位提供及时、有效的网络舆情事件预警提示。","[""BP神经网络"",""网络舆情"",""网络预警"",""预警指标""]"
2017-07-15,大数据在应急管理中的应用,应急管理与大数据,大数据分析,"数据收集和分析是提升应急管理功能的重要手段,大数据在应急管理中的应用主要有大数据和大数据思维,大数据在应急管理中的应用不仅应用于事前准备、事中响应,还应用于事后响应与恢复,其[23]大数据革命悄然来临,英国""尝鲜""[N].新华每日电讯,2013-05-21.应用程度随应对内容的不同而有差别,大数据的应用有助于提高应急管理效率节省成本,并能减少损失,分析现状,我国不仅需要在大数据开放政策方面给予支持,还应在大数据在应急管理中的具体应用作研究,并明确部署应用范围和具体的应用形式,本文也正是针对此,作出了一番探讨和分析。","[""大数据"",""应急管理"",""应用范围与形式""]"
2017-07-01,语义统计分析下网络舆情挖掘技术的分析,舆情分析,语义分析,"网络信息技术的发展和进步,使得人们可以有效性的应用网络信息技术获得大量的信息、充分的了解社情民意。但是,应用人工方式无法有效性的从鱼龙混杂的网络信息中寻找出自身需要的信息。因此,本文主要就基于语义分析下网络舆情信息挖掘和分析技术重点进行论述。","[""语义分析"",""网络舆情"",""信息挖掘分析技术""]"
2017-06-28,基于大数据的突发事件网络舆情对策研究,舆情应对方法,大数据分析,"大数据时代使得传统的舆情分析方式发生了剧变,已有的舆情分析技术和监控系统很难适应这一变化。面对当今飞速发展的网络时代,如何处理大数据环境下突发事件的网络舆情,已成为当前迫在眉睫的问题。文章对突发事件的网络舆情进行概述,利用大数据对当前的网络舆情分析的关键技术进行了总结,得出舆情的应对策略,并提出了值得研究的问题。","[""大数据"",""突发事件"",""网络舆情""]"
2017-06-25,基于改进K近邻算法的网络舆情技术研究,舆情分类,k近邻,"随着网络技术快速发展和网民数量的快速增加,网络已成为影响社会稳定和人民行为的一种重要媒介,网络舆情的研究迫在眉睫。基于这一现状,提出了一种基于关键词的改进K近邻算法网络舆情技术,该算法首先进行特征提取,将话题表示为由关键词和特征词两部分构成的话题模型;随后分析新话题,分类中使用关键词信息而不是时间序列,按照关键词分组找出最相近的历史话题并通过修正函数预测新话题关注度。实验结果表明热点话题的分类准确率提高了7个百分点,并有效解决了关键词的过度依赖问题。最后通过对网络中真实的热点案例分析,表明上述算法具有可行性。","[""网络舆情"",""话题分类"",""话题模型"",""K近邻"",""关键词""]"
2017-06-18,基于直觉模糊推理的网络舆情监测预警评估方法研究,舆情预警,模糊评价,"[目的/意义]挖掘网络舆情相关信息,构建基于直觉模糊推理的网络舆情监测预警评估方法,对实现网络舆情危机监测和预警具有重要意义。[方法/过程]以施拉姆大众信息传播模式为基础,采用扎根理论提取指标要素,以模糊-层次分析法确定指标要素权重,通过直觉模糊推理算法和模糊综合评判法进行网络舆情监测预警评估。[结果/结论]能够对网络舆情事件进行有效监测,为网络舆情预警评估的实现和应用提供一个整体、系统的科学依据,提高网络舆情实时监控能力和管理能力。","[""网络舆情"",""监测预警"",""直觉模糊推理"",""模糊综合评判""]"
2017-06-18,面向大数据的网络舆情热度动态预测模型研究,舆情预测,logistic模型 灰色关联分析,"[目的/意义]面向大数据研究网络舆情热度模型以及热度预测模型,能够准确把握大数据环境下网络舆情热度,并可以决定网络舆情应对和舆论引导措施的轻重缓急,具有重要的理论意义。[方法/过程]定性分析大数据环境下网络舆情热度影响因素,通过定义最大关联度向量,基于灰色关联度方法构建网络舆情热度模型,并在此基础上构建多维度logistic模型对各个媒体平台舆情信息开展预测,通过灰色关联度得出动态预测方法。[结论/结果]经过理论建模和实证分析得出构建的热度模型和热度动态预测模型是可行的,以上理论研究可为政府准确把握大数据环境下网络舆情热度,制定网络舆情引导策略提供参考依据。","[""大数据"",""网络舆情"",""灰色关联度"",""热度预测"",""logistic""]"
2017-06-15,基于元胞自动机模型的网络舆情导控机制研究,舆情引导对策,元胞自动机,"为探究网络舆情的演化规律及导控作用,采用定量分析方法,提出一种基于元胞自动机的舆情导控机制。定义内在动力系数、倔强度系数等舆情主体属性,提出舆情导控力系数。在元胞自动机模型中,把主体属性以及导控强度赋值给每一个元胞,仿真实现并分析了外界导控作用、网民属性对网络舆情发展的强度和方向的影响。实验结果表明,在网络舆情传播形成和发展时期对舆情进行正确导控,可以避免不良舆论的发生,舆情演化总体呈现扩散状态。","[""元胞自动机"",""网络舆情"",""主体属性"",""舆情导控"",""Matlab建模""]"
2017-06-15,网络舆情话题检测技术研究,舆情检测,文本聚类,"针对网络舆情BBS上的热点话题,提出了一种基于给定话题关键词的多级关键词话题检测算法,借助主次关键词、同义词和变形词扩展,构建了层次化的话题模型。并加入命名实体识别技术和具有就近原则及周期性原则的话题时序关系。测试验证本算法较之传统的文本聚类检测算法更加有效。","[""网络舆情"",""话题检测与跟踪"",""文本聚类""]"
2017-06-15,基于模糊C均值的舆情等级分类模型研究,舆情等级分类,模糊C均值 自动聚类,"舆情应对的基本前提是舆情研判,也即将舆情按照轻重缓急程度归类,然后采取不同的应对措施。将舆情划分为4个等级,结合模糊C均值(FCM)算法定义了一个对舆情的自动聚类判别模型,并运用样本舆情对模型进行了验证分析。在舆情应对中,可将模型得出的结果作为应对的辅助手段,提升舆情应对的精准度和实时性,提高各级舆情部门的应对能力。","[""网络舆情"",""舆情等级"",""模糊C均值"",""自动聚类""]"
2017-06-05,基于双路径模型的网络舆情在社交网络上的传播机制研究,舆情传播规律,双路径模型,"【目的/意义】在网络舆情传播的过程中,网民、媒体、政府等主体扮演了相当重要的角色。【方法/过程】本文将舆情信息质量看作二阶反映式变量,在此基础上构建了受众的舆情传播行为影响因素双路径模型,利用PLS结构方程建模对问卷调查数据进行了分析,研究了作为中枢路径的舆情信息质量及作为边缘路径的媒体干预和政府引导如何影响受众的态度,以及受众的态度如何进一步影响受众的舆情传播行为,并结合舆情传播过程中主要影响因素的研究结果,分析了社交网络上网络舆情的传播机制。【结果/结论】研究结果表明,媒体干预加速网络舆情的扩散,政府引导则能起到平息舆情或引导舆情良性发展的作用。","[""网络舆情"",""信息质量"",""媒体"",""政府"",""双路径模型"",""舆情传播机制""]"
2017-06-01,网络舆情文本分类系统研究与开发,舆情特征分析,文本分类,"随着互联网的不断发展,新闻评论、微博、论坛的兴起,人们越来越倾向于在网络上发表自己的观点与看法,网络舆情也就显得格外重要。由于网络上的信息错综复杂、内容形式过于丰富,不利于政府相关部门收集网络舆情。为了方便政府部门查看自己感兴趣的舆情信息,需要对舆情文本进行分类。本系统是网络舆情监测系统下的一个子系统,旨在对爬虫抓取到的舆情信息自动进行分类。爬虫端对于抓取到的舆情信息按照来源不同分为长文本与短文本,其中来源为新闻、博客与论坛主楼的舆情为长文本,来源为微博、论坛回复的舆情为短文本。目前常用的分类算法在长文本上性能良好,但是在短文本上的分类效果不尽如人意。本文首先研究长文本分类上的相关算法,然后针对短文本分类的难点,重点对于其进行研究与分析,在已有的技术上对算法进行改进。研究内容主要包括:1.研究了长文本下的特征选择算法与文本分类算法。根据实验结果,最终确定在本系统中长文本特征选择算法采用CHI统计,分类算法采用核函数为RBF的SVM算法。2.提出了一种基于特征拓展的短文本分类方法。该方法通过word2vec对特征项进行拓展改善短文本特征稀疏的难点。测试结果表明,在参数适当的前提下,此算法能明显改进短文本分类的效果。3.在相关技术的基础之上,详细设计并实现了舆情监测系统中的文本分类子系统,该子系统分为四个功能模块,分别为预处理模块、特征选择模块、文本分类模块与交互功能模块。其中,预处理模块介绍与实现了对文本进行分词,过滤停用词以及词频统计;特征选择模块实现了三种常用的特征选择算法与特征拓展;文本分类模块实现了朴素贝叶斯和SVM算法;交互功能模块阐述了分类结果在Web端显示的具体实现。4.最后,分别从功能测试与性能测试两方面入手,证明了系统的有效性和实用性。测试表明,在本系统中使用基于特征拓展的短文本分类方法,在特征词个数选择合理的情况下,对于短文本测试集分类得到的准确率为73.98%,召回率为74.61%,F1值为74.29%。","[""特征选择"",""短文本"",""文本分类"",""网络舆情""]"
2017-05-21,我国网络群体性事件及治理机制研究,舆情特征分析 舆情应对方法,聚类分析,"近年来,科学技术飞速发展,互联网作为21世纪的产物,在中国的普及率大大提升,中国的网民数量也有了突破性的提高。据统计,截止2011年12月底,中国上网的人数已经达到5.13亿,与上一年相比增加了5580万人。由此可见,中国社会俨然进入了一个全新的互联网时代。中国本就庞大的人口基数,再加上社会信息化的快速发展,互联网已经成为越来越多人进行思想交流和沟通的场所,再加上互联网技术的日益更新和以互联网为基础平台的新兴媒体的日渐发达,中国公民越来越深地卷入互联网虚拟生活,越来越多的人习惯了上网、发帖。随着网民人数的增加以及互联网技术的普及,更多地网民习惯了网络,习惯了在网络上谈论现实社会中的热点事件。借助互联网沟通更加顺畅以及它的匿名性,使得许多人更愿意借助网络表达自己的利益诉求或宣泄对现实世界的不满,加之网络的聚集性效应较强,即公众通过网络社区、群组和BBS等形式把相同利益诉求、阶层意识整合在一起,致使人们在网络中更加容易结成某种利益共同体、利益集团、公民社团乃至政治性群落。这对于形成、推动、激发现实生活中的群体性事件将起着不可忽视的作用。因此,虚拟社会与现实社会的相互勾连、交织、互动,就使得当今群体性事件呈现出愈来愈复杂的特性和面孔。之前我国也有不少的学者对网络群体性事件进行了初步的研究,而它的负面影响似乎被当成的研究的重点,他们把网络群体性事件视为干扰社会正常秩序的恶性事件,为了满足自身的利于诉求,参与的主体借助网络这一平台大肆渲染气氛,使得具有相同群体意识的网民产生群体意识,甚至不惜代价采取过激行为,对现实社会造成一定的不良影响。其实,这种论断完全是片面的,本文是从客观角度分析,认为：网络群体性事件没有褒贬之分,它只不过是一种由网民自动发起的并亲身参与的,为表达自身诉求而对社会产生一定影响的群体性行为。所以在对待网络群体性事件时,公众要持客观的态度,尤其是各级地方政府更应该积极应对,一些地方政府经常采取“反弹琵琶”的手法,一味地压制、逃避,这种做法是不可取的。本文从客观的角度对网络群体性事件进行聚类分析,提出了建立舆情预警系统,强化传统媒体舆论导向功能,构建社会利益整合机制,完善网络法律制度,把握舆论至高点以及搭建网络对话平台,与网民积极的沟通交流,及时疏导网民的激烈情绪,从而有效治理网络群体性事件。本文是对网络媒体评选的2011年我国社会热点事件进行二次分析,基于聚类分析的视角,通过聚类指标选择以及指标赋值对20例事件进行量化分析,将20例典型事件中具有一定相似度的事件分为一组,对其进行详细的分析研究,通过运用科学的聚类分析方法,依据网络群体性事件的概念选取研究样本,并对其进行指标选择和赋值,然后得出治理网络群体性事件的有效措施。网络群体事件的治理机制分析是本文的一个研究重点。在对治理机制的探讨研究中,本文通过对我国近年来发生的“哈尔滨林松岭事件”、“湖北邓玉娇事件”、“杭州飙车案”这三起普遍引起社会广泛关注事件的详细描述以及深刻客观分析,并从三个不同的角度提出了治理的具体策略和方法,得出政府应对网络群体性事件的宏观策略,为构建社会主义和谐社会做出一丝贡献。","[""群体行为"",""网络群体性事件"",""网络舆情"",""聚类分析"",""治理机制""]"
2017-05-20,基于层次分析法的影响微信中社会思潮传播的因素研究,舆情传播规律,层次分析法,舆情传播规律,"[""层次分析法"",""微信"",""社会思潮"",""新媒体"",""网络舆情""]"
2017-05-15,昆明某医学高校突发砍人事件网络舆情的聚类分析,舆情分析,聚类分析,"以2015年昆明某医学高校发生的一起校园砍人事件为例,结合网络舆情的载体和主体进行舆情分析,收集到关注度较高的5大新闻网站网民评论量,共提取了11个主题关键词,并统计了它们的词频,分析出网民评论的倾向性;通过构建数据矩阵进行聚类分析,得出关键词的5个分类;最后,根据模型分类结果,针对高校突发安全事件的应急处置工作,从信息发布、心理素质综合训练、处置机制、处置协助、舆情控制等提出一些建议.","[""突发安全事件"",""网络舆情"",""聚类分析"",""应急处置"",""昆明""]"
2017-05-15,基于调和K均值与粒子群优化的舆情预测预警模型研究,舆情预测,调和k均值 粒子群优化,"[目的/意义]为大数据环境下针对舆情的发生和演化提出适当应对方式和手段提供参考。[方法/过程]基于调和K均值聚类分析原理,提出一种用于判断舆情演化趋势的预测预警模型,并将粒子群优化嵌入模型以加速大数据环境下的算法收敛,提升算法的时间性。[结果/结论]通过仿真实验验证了该模型的有效性,对网络舆情预测与研判具有一定的可行性和实用性。","[""网络舆情"",""调和K均值"",""粒子群优化"",""舆情分析与预警""]"
2017-05-10,基于参数反演的网络舆情传播趋势预测――以新浪微博为例,舆情传播规律,BP神经网络,"针对现有的舆情传播模型研究与实际舆情数据结合较少以及难以从舆情大数据中挖掘舆情传播内在规律的问题,提出一种基于实际网络舆情大数据采用神经网络的舆情传播模型参数反演算法。改进经典SIR传染病传播模型,构建一种网络舆情传播模型,基于该模型对实际案例进行参数反演,预测网络舆情的后续传播趋势,并与马尔可夫预测模型对比,所提算法可以精确预测舆情的具体热度值。实验结果表明,所提算法在预测性能上具有一定的优越性,可以用于网络突发事件传播的数据拟合、过程模拟和趋势预测。","[""新浪微博"",""SIR模型"",""反向传播神经网络"",""参数反演"",""舆情传播""]"
2017-05-03 09:20,网络舆情数据质量的评估,舆情质量评估,统计模型,"对网络舆情数据的研究日益得到重视和关注,而目前网络舆情主题中对数据质量的研究比较鲜见。文章通过对网络舆情调查和整理出来的统计数据,采用统计学的方法对其准确性、变化趋势存在的问题进行分析检验、矫正、确认,以达到对数据质量进行评估、找出导致异常数据的原因及补救措施。并通过优酷网用户的视频统计进行了实证分析。","[""网络舆情"",""数据质量"",""统计模型""]"
2017-05-01,基于灰色预测模型的突发事件衰退期演变研究,舆情预测,灰色模型,"突发事件网络舆情规律研究对应急管理部门在突发事件发生后迅速采取调控以稳定网络环境具有重要作用。本文针对温州房屋倒塌事故,以网民对事件的发帖量作为计量指标并分时间段进行了监测统计,建立了事件衰退期的灰色预测模型,通过弱化算子进行二阶弱化确定了模型的精确度,并对模型精度进行了检验,为以后突发事件模型的预测提供参考。","[""网络舆情"",""突发事件"",""灰色预测"",""弱化算子""]"
2017-05-01,基于灰色关联分析的网络舆情热点事件研究,舆情分析,灰色关联分析,"通过对网络舆情热点事件特点的分析,建立了搜索指数、舆情关注度等5个定量指标构成的网络舆情热度评判体系。在此基础上,运用灰色关联分析求解关联度的方法,近似得到了若干个热点事件的网络舆情热度值排序,可以为有关部门分类分级管理网络舆情热点事件提供参考。","[""网络舆情"",""指标体系"",""灰色关联分析"",""热点""]"
2017-05-01,面向大数据的网络舆情多平台交互机理研究,舆情多平台交互机理,多元回归分析,"网络舆情在进入手机4g时代发生了很大变化,网民无论在时间还是地点两个方面都不再受到限制。由于智能手机的普及,微信、微博、客户端等新媒体兴起,传统纸媒相继推出了网页版本和微媒体版本,新闻网站的新闻条目里也具备了留言功能和转发微信、微博的功能,网络舆情在新媒体环境下呈现出新特点。该文在研究网络舆情案例的基础上,构建包括微信、微博、网站、报刊、论坛、客户端的网络舆情平台交互模型,并且多元回归分析定量研究相关关系,为舆情管理提供符合实战需求的可操作性监测目标。","[""大数据"",""网络舆情"",""多元回归分析""]"
2017-05-01,基于SIR的涉恐网络舆情传播动力学模型研究,舆情传播规律,动力学模型,"涉恐网络舆情由于其敏感性,在传播过程中极易引发社会民众的恐慌。该文结合SIR模型,构建系统动力学模型对涉恐网络舆情传播进行仿真模拟,分析涉恐网络舆情的传播规律以及传播中的影响因素。结果表明,接触速率、接触后相信比例、引导速率等因素对涉恐网络舆情的传播均有较大影响,进而在此结论上为相关部门进行管理决策提供对策建议。","[""SIR"",""传染病模型"",""涉恐舆情"",""舆情传播"",""系统动力学""]"
2017-04-28,基于网络舆情倾向性分析的机器学习方法研究,舆情特征分析,支持向量机,"本文重点是对网络用户中的网络舆情倾向性进行分析,构建一种准确率更高的模型来实现情感倾向判断。网络舆情倾向性分析主要是通过机器学习的方法和制定部分规则的方法,从而能够更加准确地判断出句子的情感倾向性,进而能在实际生活中进行有针对性地积极引导调控。基于此,提出一个设想,对于机器学习的方法之间的结合与本身的改进,再加入规则的制定,能够提高机器对情感句子的分析准确率。对于模型应用之前的特征提取的方法进行比较选取,通过特定的特征选取方式使得构造向量空间更加准确,再通过比较不同分类算法进行比较选取。","[""网络舆情"",""机器学习"",""特征提取"",""支持向量机""]"
2017-04-23,论网络谣言与网络舆情的耦合关系,网络舆情与网络谣言,耦合关系,"网络谣言易引发网络舆情,网络舆情易滋生网络谣言。在当前的背景下,网络谣言与网络舆情的相互影响、相互作用,即二者的耦合关系日益凸显,且对网络舆情环境造成了不少负面影响。文章旨在通过深入探讨网络谣言与网络舆情的耦合关系,为净化网络舆情环境尽绵薄之力。","[""网络谣言"",""网络舆情"",""耦合关系""]"
2017-04-18,邻避效应向环境群体性事件演化的网络舆情传播机制――基于宁波镇海反PX事件的研究,舆情演化分析,传染病模型,"[目的/意义]互联网情境下的邻避效应容易发酵、激荡而失序,研究网络舆情演化机制有助于应对环境集体抗争可能引发的暴力冲突事态。[方法/过程]基于经典的SIR传染病模型,构建""宁波镇海反PX事件""的网络舆情传播的双阶段传染病模型,对环境集体抗争两阶段的信息传播机理加以对比分析。[结果/结论]政府处置不当、衍生议题的引入以及微博、意见领袖与网民的非理性介入,促使以居民环境利益诉求为动因的邻避效应,转化为包含有多元主体与官民冲突议题的环境群体性事件。环境群体抗争的治理,应针对不同阶段的信息传播机理,通过线上线下的双重引导,设计差异化的防控机制。","[""邻避效应"",""环境群体性事件"",""网络信息传播"",""传染病模型""]"
2017-04-15,网络舆情对警校大学生影响的调查及大数据分析研究――以中央司法警官学院为例,舆情影响分析,大数据分析,"互联网被称为继报纸、广播、电视之后的第四媒体。作为新兴的信息载体,互联网越来越多地介入到大学生的学习与生活当中,对其思想认识产生了一定的影响。该文通过对警校大学生如何认识和面对网络舆情的调查,采用数据可视化分析方法对网络舆情对警校大学生的影响的数据进行了分析,针对网络舆情对警校大学生人生观、世界观以及价值观影响的问题,提出了如何消除网络舆情的负面影响的措施。","[""警校大学生"",""网络舆情"",""影响力"",""大数据分析""]"
2017-04-15,基于投影寻踪模型的网络舆情评价,舆情评价,投影寻踪模型 神经网络,"为了解决网络舆情预警评价问题中样本数据的非线性和高维性等实际难题,提出以投影寻踪理论为基础,利用文化基因算法确定最佳投影方向,建立了基于文化基因算法的网络舆情评价的投影寻踪模型。将上述模型应用到2013年""新疆花帽""事件上,基于文化基因算法优化的投影寻踪模型可以很好的将各时间段的网络舆情进行划分等级,并能确定了各评价指标对网络舆情的影响。实例研究表明,基于文化基因算法的投影寻踪模型能有效地解决样本数据非线性、高维数等实际难点,有很好的实用性。","[""状态转移算法"",""神经网络"",""滤波器"",""权值优化""]"
2017-04-07 12:39,国内网络舆情研究现状及热点分析,舆情研究现状及热点,指导研究内容 共词分析法,"文章以CNKI数据库为数据来源,以网络舆情为题名进行精确检索得到数据为数据来源,采用定量分析与定性分析相结合的方法,从时间、研究层次、学科、机构、作者等角度以共词分析法对数据中的关键词进行了分析。研究发现:国内网络舆情研究的热点问题主要集中在高校网络舆情的研究、突发事件中的网络舆情、群体性事件中的网络舆情、舆情信息的分析与舆情引导、网络舆情中的意见领袖、政府面对网络舆情应如何应对以及新媒体环境中的网络舆情等七个方面。当前国内网络舆情演化理论的研究还没有形成一个统一理论、网络舆情的监测和预警体系研究混乱、政府在网络舆情信息的引导和控制方面的研究偏理论研究轻技术研究、新媒体环境下网络舆情信息的引导和控制优势研究缺乏等问题,因此,未来网络舆情研究的发展应朝着更加应用于实践的方向进行。","[""网络舆情"",""CNKI数据库"",""共词分析法""]"
2017-03-20,网络舆情是否影响股市行情?  基于新浪微博大数据的ARDL模型边限分析,舆情与股市关系,时间序列分析,"本文基于新浪微博大数据,分析互联网上的股市舆情是否影响真实世界中的股市行情。在梳理网络舆情,特别是微博影响股市的机制的基础上,我们利用具有""利好""和""利空""含义的股市术语的微博出现词频(""热词指数""),生成股市的""微博信心指数""。""格兰杰因果检验""和""自回归分布滞后模型""(ARDL)边限检验表明:在股市震荡期,早前三天内的""微博信心指数""有助于预测上证指数;""微博信心指数""和""上证指数""存在正向相关的均衡关系;在股市行情平稳期,以上的统计关联并不存在;网络舆情通过影响入市资金流进一步影响股市行情。","[""股市微博"",""大数据网络"",""传播时间"",""序列分析""]"
2017-03-15,网络舆情的突变性扩散方向估计建模仿真,舆情传播规律,估计模型,"对网络舆情的突变性扩散方向进行准确估计,可以提高政府对网络突发事件的应对能力。需要利用网络舆情的时间关联度特征,对突变性扩散方向估计偏差进行补偿,建立扩散方向估计模型,但传统的尖点突变方法是利用尖点突变原理建立舆情传播模型,并建立突变性扩散方向估计模型,不能提取网络舆情的时间关联度特征,存在建模误差大的问题。提出一种改进灰色预测算法的网络舆情的突变性扩散方向估计建模方法。首先利用LDA模型提取网络舆情扩散时间关联度特征,组建网络舆情的突变性扩散文本集,得到网络舆情突变性扩散的时间热度值,建立基于灰色预测的网络舆情的突变性扩散方向估计模型,并利用嵌套法对模型进行求解。仿真结果表明,所提算法对网络舆情的突变性扩散方向估计精确度较高。","[""网络舆情"",""突变性扩散方向"",""估计模型""]"
2017-03-15,新媒体时代的“塔西佗陷阱”及其治理――基于天津大爆炸案的分析,舆情应对方法,塔西伦陷阱,"新媒体时代下""塔西佗陷阱""的形成是由新媒体的发展以及政府信息公开不透明不及时、官员腐败、公众政治参与素养参差不齐等因素共同促成的,并伴随有意见""一边倒""、习惯归责和印象刻板等特点。以2015年天津大爆炸事件为例,分析了当前政府应对网络舆情危机的现状,并进一步提出建立网络舆情预判机制,及时地对事故舆情做出应对措施,强化政府官员对网络舆情监管的认识,加强对信息发布的掌控力,做到及时有效,提高政府信息发布的权威性,加强官员在面对新媒体时的素养等相关对策。","[""塔西佗陷阱"",""政府公信力"",""新媒体""]"
2017-03-15,政府应对暴恐事件网络舆情实证分析与对策研究,舆情分析 舆情应对方法,实证分析,"网络舆情应对能力已成为政府职能建设的重要课题,本文以暴恐事件网络舆情为研究样本,基于实证分析,综合采用内容分析、案例分析、文本分析等方法,通过三个研究类目、十个研究子类目,对暴恐事件的网络舆情进行整体到具体的分析,提取关键要素,总结影响暴恐事件网络舆情的关键结点,对症暴恐事件后舆情传播阶段及传播过程中的可控环节进行剖析,为政府应对暴恐事件网络舆情提供对策建议。","[""网络舆情"",""暴恐事件"",""政府"",""实证分析""]"
2017-03-15,ITO框架下的旅游网络舆情云档案体系构建,舆情档案体系构建,ITO,"随着网络社会和休闲社会的到来,旅游网络舆情档案建设成为档案管理中的重要内容,建立旅游网络舆情云档案具有重要价值,基于ITO的开发模式可以有效克服传统技术贫乏、资金枯乏、人员缺乏、资源匮乏等困境,实现管理流程系统化、管理平台集约化、管理手段信息化、管理方式智能化、档案资源共享化和档案服务精准化等目标,并在理论分析的基础上提出了旅游网络舆情云档案系统构建的原则和总体框架。","[""ITO"",""旅游网络舆情"",""云档案""]"
2017-03-08,网络安全领域态势感知技术现状分析,网络安全感知技术现状,态势感知,"网络空间安全既涵盖包括人、机、物等实体在内的基础设施安全,也涉及到其中产生、处理、传输、存储的各种信息数据的安全。通过网络安全态势感知技术,管理人员可以直观准确的判断网络系统当前的形势,并能预测未来网络安全状态的趋势,以此提前做出相应防范措施,这对于网络空间安全具有极为重要的意义。","[""网络空间安全"",""态势感知"",""网络舆情""]"
2017-03-01,大数据透视下的京津冀协同发展民生热点问题探究,舆情分析,数据挖掘,"伴随互联网的快速发展,社交平台迅速崛起,传统媒体也纷纷""上线"",为我们提供了观察社会热点问题的不同侧面,而大数据技术则为分析此类问题提供了新的方法。针对京津冀协同发展这一重要战略,民众更关注哪些民生问题?民众关注的热点话题与传统媒体的热点新闻是否一致?通过对新浪微博和百度指数平台的大数据挖掘,发现民众更关注生态文明、公共服务和发展范围这三类问题,而传统媒体的热点新闻则集中在产业发展和发展政策上。更进一步分析发现,民众关心的民生热点问题已不仅仅局限于福利待遇提升;而是体现出对京津冀整体性、外部性、全域性、前瞻性关注的特点,如雾霾治理、通信交通一体化、不同城市定位等。大数据时代的到来对政府的政策制定能力和舆情管理能力提出了新的要求,只有更迅速、更准确地识别民众真正关心的民生热点问题,才能更有针对性地制定重点政策、引导舆论、服务民众,实现发展目标。","[""数据挖掘"",""京津冀协同发展"",""民生热点"",""网络舆情""]"
2017-02-24,学科交叉视角下的网络舆情研究主题比较分析――以国内图书情报学和新闻传播学为例,舆情研究主题比较分析,LDA 共词聚类,"从学科交叉视角探索网络舆情在图书情报学和新闻传播学中的研究共性和差异性。以CNKI数据库中两门学科核心期刊的网络舆情研究文献为样本,在关键词规范化的基础上,一方面从微观角度结合词频和TF-IDF方法提取重要关键词,并对两门学科的关键词进行交集分析、共词聚类分析和战略坐标分析;另一方面从全局角度采用LDA模型对样本进行主题建模。然后,分别对基于共词聚类和基于LDA的热点主题划分结果进行语义关系规范和主题标识。研究发现,舆情传播与监测、高校舆情分析、危机预警与管理、政府舆情应对等是两门学科共同关注的主题,网络谣言分析、网络问政则分别是图书情报学和新闻传播学的特色研究主题。研究还发现,有部分潜在交叉主题和衍生主题在学科交叉与融合的推动下孕育而生。","[""网络舆情"",""热点主题"",""学科交叉"",""LDA"",""共词聚类""]"
2017-02-23 10:07,基于支持向量机技术的网络舆情研判,舆情特征分析,支持向量机,"支持向量机是一种基于统计学习理论的新的、非常有效的机器学习方法。针对当前网络舆情研究发展的新需要,本文提出一种基于支持向量机(SVM)的网络舆情信息采集、提取、识别、研判的方法,具有较好的泛化能力,在与神经网络方法的比较中,该方法表现出较低的漏检率、误检率和较好的鲁棒性,在网络舆情研判领域有深入研究的价值和良好的应用前景。","[""支持向量机"",""信息特征识别"",""网络舆情""]"
2017-02-18,基于改进的OLDA模型话题检测及演化分析,舆情特征分析 舆情演化分析,OLDA模型 Gibbs采样,"[目的/意义]话题检测和演化分析是网络舆情监控中的热点问题,对热点话题的检测和演化分析有助于挖掘热点话题和深入理解话题的演化趋势,并给以舆情监控者提供完整的话题演化路径和更为合理的决策意见。[方法/过程]OLDA(Online Latent Dirichlet Allocation)模型是用于挖掘热点话题和分析话题演化的工具,由于其存在新旧主题混合、冗余词较多的缺点,采用双通道模式对主题、词分布的遗传度进行改进,并给出了新的词分布计算方法。[结果/结论]提出的改进OLDA模型解决了新旧主题混合问题,降低冗余词的概率,更为明确地解释话题的含义。实验表明,改进的OLDA模型更为有效地对话题进行检测及演化分析。","[""网络舆情"",""OLDA模型"",""话题演化"",""话题检测"",""Gibbs采样"",""特征字""]"
2017-02-18,网络舆情研究视角分析,舆情研究视角分析,扎根模型,"[目的/意义]网络舆情是一个跨学科研究选题,学界从不同视角对网络舆情进行观照,并基于不同视角构建应对舆情的策略和路径。[方法/过程]运用扎根理论的分析方法,对已有的网络舆情研究视角进行比较、归类、编码和分析,总结出7个主范畴和5个核心范畴。[结果/结论]由此探究网络舆情视角研究范式,分类分析视角选择与研究对象之间的密合度及论证的优势和不足,提出未来视角研究应从共享和深度协作方面研究网络舆情,注重学科间的融合与借鉴等。","[""网络舆情"",""舆情研究"",""扎根理论"",""舆论生态""]"
2017-02-18,基于云计算的网络舆情藤蔓式串并行聚类方法研究,舆情特征分析 舆情演化分析,并行聚类,"[目的/意义]针对目前在线网络海量信息难以快速获取其舆情的问题,为有效提升舆情获取速度,提出一种基于云计算的网络舆情藤蔓式串并行聚类方法。[方法/过程]首先构建舆情文本相似性度量模型,并设计确定舆情最佳聚类阈值的方法,以度量舆情信息间的相似性及确定舆情最佳聚类阈值;然后构建舆情藤蔓式串并行聚类模型,以一个舆情主题为聚类起始,之后如藤蔓的主干自动分支和延伸样,自主扩展舆情聚类主题,并根据舆情信息间的相似性和聚类阈值聚类同主题的舆情信息;最后在舆情藤蔓式串并行聚类模型的基础上,利用云计算的并行计算能力,快速、准确地聚类各主题的舆情信息。[结果/结论]实验结果表明:该方法能快速获取网络舆情,且具有较高的舆情聚类准确度,可为在线网络舆情实时监控提供一定的方法支持。","[""在线网络舆情"",""云计算"",""文本相似性"",""藤蔓式串并行聚类""]"
2017-02-15,基于人工智能的网络舆情监管模式创新探究,舆情监管 舆情预测,人工智能,"网络的广泛性和开放性加快了各种信息的传播速度和范围,所以舆情一旦出现,便很难控制。通过将人工智能应用于网络舆情监管,完善网络舆情监管体系,使对复杂的信息处理和大数据的运算能够体现出比人类更高的速度和更准确的结果,从而提高当下社会对网络舆情控制的效率。本文基于此,阐述了人工智能应用于网络舆情监管的创新性意义,以及对智能化网络舆情监管体系的构建设想。","[""网络舆情"",""人工智能"",""网络监管""]"
2017-02-15,基于观点聚合模型的网络舆情形成与变动中的群体影响分析,舆情成因分析 舆情影响分析,观点聚合模型,"根据Weisbuch-Deffuant的社会动力学研究范式,构建观点聚合模型,进行仿真分析。通过以上的几点研究,用案例来分析网络舆情的演化。","[""网络舆情"",""群体影响"",""动力模型"",""观点聚合""]"
2017-02-10,浅谈“魏则西事件”中的动员规律与舆情应对策略,舆情应对方法,动员规律,"本文以""魏则西事件""为主要研究对象,通过梳理该事件的发展始末与走向并依据网络舆情的动员规律,分析事件发酵的关键转折点,发现了该事件的影响力经由""大V转发""""传统媒体跟进""和""上级处理""得以扩大,符合网络舆情的动员规律,而涉事方百度公司的不当应对策略也加剧了舆情的发酵,为如何处理公共突发舆情提供了经验教训。","[""“魏则西事件”"",""动员规律"",""舆情应对策略""]"
2017-02-05,基于微博的媒体奇观网络舆情热度趋势分析,舆情预测,马尔科夫链 层次分析法,"【目的/意义】新兴媒介生产的媒体奇观表现出一系列新的特征,且对社会有着更深刻的影响。针对目前媒体奇观只有定性理论研究的现状,提出了定量预测媒体奇观舆情热度发展趋势的方法。【方法/过程】首先引入层次分析法构建基于微博的媒体奇观舆情热度描述指标体系。之后在查阅大量文献的基础上,改进马尔可夫链模型,通过划分更精化的状态区间、构建状态转移矩阵、预测舆情热度趋势的步骤,以""庆安枪击案""的微博数据为实证案例进行实验。【结果/结论】结果表明,层次分析法构建舆情热度指标体系和马尔科夫链模型应用于媒体奇观舆情热度趋势预测都具有较高的可行性和准确性,进而为政府、企业和研究人员分析媒体奇观的舆情发展脉络提供新的思路和方法。","[""舆情热度"",""网络舆情"",""媒体奇观"",""马尔可夫链"",""微博"",""层次分析法""]"
2017-01-25,企业面对网络舆情的回应博弈策略研究,舆情应对方法,博弈论,"论坛、微博等网络平台已成为大众关注时事、评论热点的公共空间。它的传播速度之快以及传播范围之广对网络舆情有重大的影响。与此同时,网络媒体有倾向性的推动力将会对舆情发展的趋势产生一定的影响,因此,当企业面对网络舆情时,有效快速的回应策略将有助于挽回企业形象,减少损失。本文基于博弈论,以企业面对网络舆情为视角,建立回应博弈策略模型并分析企业回应的策略,以期对企业回应网络舆情有参考性价值。","[""网络舆情"",""博弈论"",""企业回应策略""]"
2017-01-21,大数据在舆情分析中的应用,舆情分析,大数据分析,"2011年麦肯锡发布了《大数据,下一个创新、竞争和生产力的前沿》研究报告之后,大数据概念开始风靡全球。近年来,随着国内微博、微信、娱乐网站等新媒体的兴起和发展,越来越多的民众通过互联网参与到热点话题和热门事件中。所以,通过大数据对网络舆情进行监测和分析,并对民众的态度和倾向做出准确的定位显得非常重要。该文主要通过对大数据论述、网络舆情筛选、舆情捕获存储以及数据分析,来探究大数据在舆情分析中的应用及其价值。","[""大数据"",""网络舆情"",""数据抓取"",""数据存储"",""舆情分析""]"
2017-01-17 13:47,基于可拓聚类的网络舆情演化预测研究,舆情预测,可拓聚类,"[目的/意义]网络舆情的发展动态是舆情应对的基础。[方法/过程]根据网络舆情演化的关键要素,运用了可拓聚类理论和方法对网络舆情的演化趋势进行建模并预测,通过聚类分析得到预测结果。[结果/结论]实例分析证明该方法计算简便,有较高的精确度和较强的实用性,为舆情的应对提供了理论和方法的支持。","[""网络舆情"",""可拓聚类"",""演化趋势""]"
2017-01-15,基于AHP-模糊综合分析的移动社交网络舆情预警模型研究,舆情预警,层次分析法,"移动社交网络的兴起与发展促使网络舆情在极短的时间内迅速产生与演化。为科学有效地对移动社交网络舆情进行引导和控制,在详细分析移动社交网络舆情自身特点与影响因素的基础上,将层次分析法与模糊综合分析法相结合,构建基于AHP-模糊综合分析的移动社交网络舆情预警模型。并以""8.12天津港爆炸事故""进行实证分析,最终得出该事件的预警等级为""特别严重,Ⅰ级"",这与专家对该事件预警等级的定性相吻合,从而较好说明了该模型的有效性和准确性。","[""移动社交"",""网络舆情"",""模糊综合分析"",""层次分析法"",""指标体系"",""预警模型""]"
2017-01-15,从美国大选看大数据与网络舆情研究,舆情分析,大数据分析,"2016年美国总统大选中特朗普的意外当选让传统民意调查陷入尴尬境地。在社交媒体盛行的时代,大数据方法对了解民意尤其是网络舆情似乎有着天然的优势,但是否因此可以认为民意调查的传统方法已经过时?文章从2016年美国大选出发,基于对传统民意调查方法和大数据分析优劣势的比较分析,认为在分析社会舆情时,一方面应该加快发展大数据方法以把握网民心态,另一方面也应借鉴传统民意调查方法的逻辑和抽样原则,以回应网络舆情无法囊括的群体及相关问题等。","[""美国大选"",""大数据分析"",""网络舆情""]"
2017-01-15,基于SVM与K近邻结合的网络伪舆情辨识研究,舆情分类,支持向量机 K-近邻,"针对当前网络伪舆情难以快速、有效辨识的问题,通过对网络舆情特征的分析,认为不同舆情信息反映不同舆情特征,因此辨识的本质可以看作是一个自动分类问题。构建网络伪舆情指标评价体系,提出一种基于支持向量机与K近邻结合的网络伪舆情辨识方法。实验结果表明,该方法比单纯使用支持向量机具有更高的分类精度,且较好地解决了核函数参数选择的问题。","[""网络伪舆情"",""舆情指标"",""支持向量机(SVM)"",""K-近邻分类""]"
2017-01-12 13:53,基于网络舆情的旅游餐饮价格监督机制研究--以青岛天价虾事件为例,舆情分析,文本分析,"2015年10月发生的""青岛天价虾""宰客事件在网络上引发了激烈讨论。基于""青岛天价虾""事件的300个网络文本内容分析结果显示:在旅游餐饮宰客事件中,由于政府相关部门价格监管不到位,通常会引起游客的强烈不满,进而损害景区当地政府信誉和形象。通过对网络舆情相关文本数据的挖掘和分析,提出了厘清旅游餐饮价格监督机制途径、完善旅游餐饮价格监管体系、加强旅游餐饮价格监督队伍建设、构建完善的旅游餐饮价格监督网络等对策建议。","[""网络舆情"",""旅游餐饮价格"",""监督机制"",""文本数据挖掘和分析""]"
2017-01-12 12:58,基于大数据分析的网络舆情监管预测研究,舆情监管 舆情预测,大数据分析 特征提取,"对网络舆情的准确监管和预测是实现大数据网络信息统计和调查的关键技术,在保障网络秩序稳定性方面具有重要意义。针对传统方法采用关联特征匹配方法进行舆情预测,当网络舆情数据分布广度较大、干扰较强时,存在监管预测性能差的问题。本文提出基于大数据语义特征分析提取的网络舆情监管预测算法,构建网络舆情的宽平稳时间序列模型,采用二元语义信息表达方法进行网络舆情的语义信息特征序列拟合,对网络舆情进行主题词表构建和匹配,采用大数据分析方法进行网络舆情的语义特征分析和提取,实现预测算法的改进。仿真实验表明,该方法进行网络舆情预测的准确度较高,收敛性较好,实时性较高,提高了对网络舆情的监管能力。","[""大数据"",""网络"",""语义"",""特征提取"",""舆情"",""监管预测""]"
2017-01-05,基于系统动力学的多主体回应网络舆情影响因素研究,舆情影响因素分析,动力学模型,"【目的/意义】互联网的不断发展促使网络舆情的迅速传播与演化,研究多方主体回应网络舆情的影响因素,对于探究网络舆情的形成机理、有效应对网络舆情具有重要的现实意义。【方法/过程】通过构建网络舆情回应的系统动力学模型,采用Vensim PLE软件对模型进行模拟仿真。【结果/结论】结果表明舆情事件、网民、传媒、网媒及政府这五个作用主体与网络舆情存在较强的互动关系,从事件危害程度及敏感度、网民情绪强度、媒体活跃度及政府信息公开度等影响因素进行分析,可为网络舆情的应对提供参考。","[""网络舆情"",""系统动力学"",""多主体回应"",""模型仿真""]"
2017-01-05,网络舆情治理的主体参与满意度评估体系研究,舆情治理满意度评估,德尔菲法,"【目的/意义】网络舆情治理的主体参与正在由单一转向多元,如何配置相应的指标体系考察网络舆情治理主体参与的满意度是学界必须回应的重要议题。【方法/过程】采用德尔菲法,通过两轮专家调查建立满意度的指标体系,并计算各个指标的权重。【结果/结论】验证了指标体系对政府网络舆情影响力评估的有效性,相对于定性指标,本指标更加客观、全面、高效,对于网络舆情管理具有积极意义。","[""网络舆情"",""主体参与满意度"",""指标体系"",""德尔菲法""]"
2017-01-05,基于动态博弈的媒体参与下网络舆情机制分析,舆情引导对策,动态博弈,"【目的/意义】如何理清网络舆情的传播机制,从而有效引导与管理网络行为,成为政府的重要任务。【方法/过程】针对媒体参与报道的网络舆情传播,建立了媒体与政府,网民与意见领袖的两类博弈模型,将考虑公平因素的收益函数引入博弈收益矩阵中。运用向前归纳法建立三阶段动态博弈,对媒体和意见领袖选择非子博弈完美均衡路径的具体条件进行分析,推导出收益变化率θ的阈值。【结果/结论】针对不同阈值条件下各方最优策略,给出政府应对和管理网络舆情的最优策略。","[""网络舆情"",""媒体参与"",""动态博弈""]"
2016-12-28,基于百度指数的2015年食品安全网络舆情分析,舆情分析,百度指数,"基于2015年的网络数据,利用百度指数的关注度指标对中国食品安全网络舆情进行分析,着重探讨2015年发生的""辉山乳业""、""诺如病毒""与""僵尸肉""三个典型食品安全事件网络舆情热度在时间与空间维度上的变化特点,并在此基础上提出食品安全网络舆情的干预措施,为监管部门完善食品安全网络舆情管理提供科学依据。","[""食品安全"",""网络舆情"",""百度指数""]"
2016-12-25,网络舆情中的怪波现象与数学建模,舆情传播中的怪波现象,Kdv方程,"通过统计微博热门话题的阅读量和相关微博数,发现网络舆情热点问题中存在怪波(Rogue Wave)现象,其特点为形成迅速、波幅巨大、持续时间短、对其他话题有排他性。利用Kd V方程及其怪波解讨论怪波的形成机制和演变趋势,为网络舆情监测、控制提供相应的理论基础和对策建议。","[""微博"",""网络舆情"",""KdV方程"",""怪波""]"
2016-12-20,网络舆情的传播模型研究综述,舆情传播规律,传播模型,"随着网络媒体的蓬勃发展以及网民规模的不断扩大,网络舆情的重要性日趋凸显。在识别、评估、处置网络舆情态势的工作中,第一步就是科学建立可尽可能全面反映网络舆情的传播模型。本文对网络舆情传播模型的研究进行了较为全面的梳理和回顾。其关注点主要集中在传播模型的生成演化机制、网络结构影响力研究及其相关应用。针对信息传播模型的宏观分析和微观观测,积累了不少研究成果,但是存在传播基础理论与量化实践分析结合不紧密的问题。一种基于综合集成研讨厅的人机结合的信息传播模型建模,既具备具体问题具体分析的微观专用性,也具备适用于多种不同关注角度的广泛通用性,将对网络舆情全方位建模、综合分析提供新的方法。","[""网络舆情"",""传播模型"",""舆情分析""]"
2016-12-15,突发事件网络舆情传播的实证研究,舆情传播规律,社会网络分析,"[目的/意义]探索突发事件舆情传播网络的拓扑结构和传播规律、识别与评判突发事件舆情传播网络中重要节点,有助于从源头上控制舆情,增强公众、政府和媒体引导突发事件网络舆情的能力。[方法/过程]以""魏则西事件""为实证研究对象、采集并整理数据,基于社会网络分析理论,运用Ucinet软件构建互动关系矩阵模型和Netdraw软件绘制该事件舆情传播网络社群图,从整体、局部和个体3个视角进行了该舆情传播网络结构测度分析。[结果/结论]拓展了SNA的应用,从本质上揭示了突发事件网络舆情传播的结构特征与演变规律,总结并提出针对其本身拓扑结构的控制建议,最后,为从源头上弱化其不可控性,分别提出了公众、政府和媒体突发事件网络舆情传播的引导建议。","[""社会网络分析"",""突发事件"",""网络舆情"",""传播"",""实证研究"",""魏则西事件""]"
2016-12-15,基于数学建模的我国网民情感文献计量分析,网民情感分析,Citespace,"本文以中国知网CNKI的网民情感文献作为数据来源,综合运用了文献增长定律、洛特卡定律、齐夫定律、布拉德福定律等对文献进行了定量的计量分析。同时,利用CitespaceⅢ软件的聚类优势,对文献作者与文献关键词进行了较为深入的研究,形成主题词之间共现分析的科学知识图谱。研究结果表明,我国网民情感研究正处于上升的成长阶段,对于网民情感的量化研究应该更加科学化与系统化,未来将有更多相关研究的趋势。","[""网民情感"",""文献计量"",""Citespace"",""数学模型"",""网络舆情""]"
2016-12-15,政府相关网络舆情事件评估模型研究,舆情分析,快速搜索技术,"运用热点舆情事件快速搜索技术,提出舆情指标体系;采用改进的证据推理方式,建立政府相关网络舆情评估模型。通过实验验证该模型的效果和应用范围。","[""网络舆情"",""证据推理"",""政府决策"",""大数据""]"
2016-12-15,动态时间分布LDA的网络舆情热点词链提取研究,舆情热点采集,LDA模型,"由于网络舆情文本的数据量非常大,用人工方式很难从舆情文本中发现舆情热点。利用LDA(Latent Dirichlet Allocation)主题模型的文本降维及词语聚类功能,能够从海量的舆情文本中自动提取所关注的焦点主题词。但由于缺乏动态的时间分布机制,LDA难以捕捉随时间变化的热点词链。本文提出了加入动态时间层的DTD-LDA(Dynamic Time Distribution LDA)模型,增加了文档-时间和时间-主题的动态分布机制,改善了LDA主题词对时间变化的敏感性,可以有效提取迅速变化的舆情文本热点词链。实验表明,DTD-LDA相比较同类模型,在动态热点词链的提取上具有更好的准确率和召回率。","[""网络舆情"",""主题模型"",""LDA模型"",""热点词链"",""动态时间分布""]"
2016-12-15,基于改进RBF神经网络的微博舆情预测研究,舆情预测,RBF神经网络 万有引力算法,"互联网的飞跃发展,既孕育着机遇,同时也带来了前所未有的挑战。网络舆情的特点使其成为一把双刃剑。为此,本文通过对微博文本的获取与处理,得到关于该微博热门话题的基于时间序列的离散数据序列,然后采用万有引力算法优化的RBF神经网络对微博舆情进行预测。通过微博舆情的时间序列进行实证研究,在预测性能上与现有的预测模型进行对比,证明该模型在该预测领域的可行性和有效性。","[""RBF神经网络"",""微博舆情"",""万有引力算法"",""预测模型""]"
2016-12-14 15:16,主题事件舆情指数的构建及实证研究――以食品安全主题为例,舆情特征分析,层次分析法,"首先,文章针对目前网络舆情指标体系构建中存在的问题,认为基于事件主题构建舆情指数具有重要意义;其次,结合以往指标体系构建相关研究,从曝光程度、参与程度、舆情观点、网站特点、传播进度5个维度构建了主题事件舆情指标体系;最后,基于主题事件类指标体系,以食品安全为例,通过层次分析法得出舆情指标的权重,构建了舆情指数模型,并基于该指数对食品安全舆情风险进行了实证研究。","[""主题事件"",""网络舆情"",""指标体系"",""层次分析法""]"
2016-12-14 15:16,基于系统动力学的网络舆情演进机理及影响力研究,舆情演化分析,动力学模型,"在分析网民作用、传播媒介及政府相关部门对网络舆情演进及网络舆情影响力作用的基础上,结合系统动力学和传播学的相关理论,分析了网络舆情影响力,研究其形成机制和影响因素,并构建网络舆情演进的系统动力学模型,利用Vensim PLE软件对模型进行仿真,探究了网民作用量子系统、传播媒介子系统及政府相关部门子系统对网络舆情演进及网络舆情影响力的作用。","[""系统动力学"",""网络舆情"",""舆情演进"",""仿真""]"
2016-12-10,基于AHP的网络舆情安全与监测模型的研究与建立,舆情监测,层次分析法,"为了更加准确和方便地对网络舆情进行监测,提出了一种基于层次分析法的网络舆情安全与监测的模型。该模型利用要素型指标和量化型指标相结合的形式,分级对网络舆情进行判断。在量化型指标体系方面,并利用粗糙集理论对指标进行简化,通过层次分析法获得的权重和Sigmoid函数对监测指标进行量化计算,最终确定舆论信息的影响力。","[""网络舆情"",""层次分析法"",""粗糙集理论"",""Sigmoid函数""]"
2016-12-10,面向网络舆情监测的新闻主题分类实证分析,舆情特征分析 舆情演化分析,实证分析,"本文采用由面到点、逐步聚焦的方法探讨了面向网络舆情监测的新闻主题分类、网民的关注焦点和网民对事件的情感倾向问题,对这些问题的研究对网络舆情管理将产生积极作用。","[""网络舆情"",""主题分类"",""关注焦点"",""情感倾向""]"
2016-12-10,网络舆情监控过程中微博文本分类处理的实现方法,舆情监控,文本分析,"分析了微博短文本的专有特征,介绍了微博短文本的预处理流程。以新浪微博为网络舆情数据获取平台,简述了微博文本分类处理实现过程,基于Hadoop进行了网络舆情微博分类设计,为网络舆情监控任务的完成做数据依据。","[""网络舆情"",""微博文本"",""预处理""]"
2016-12-09 15:00,混合神经网络的高校网络舆情预测模型研究,舆情预测,神经网络 混沌理论,"为了对高校大学生群体性事件网络舆情进行准确预测并作正确引导,提出一种基于改进粒子群算法的混合神经网络(HANN)的高校网络舆情的发展趋势预测模型.HANN首先采用自适应调整策略和混沌理论对粒子群算法进行改进得到改进粒子群算法(CSA-PSO),再通过CSA-PSO算法训练径向基人工神经网络(RBF ANN)得到;RBF ANN的结点个数通过试探法确定.通过实例测试和与其它模型比较实验,结果表明所提出的HANN方法具有较高的预测精确,综合性能较好.","[""网络舆情"",""群体性事件"",""神经网络"",""混沌理论"",""自适应调整策略""]"
2016-12-08,网络群体性事件舆情预警评价模型,舆情预警,模糊评价,"针对网络舆情热度趋势的特征,本文通过舆情预警级别评估指标体系的构建,使用模糊综合评价作为模型的评价方法。主要对评价因素体系的确定以及权重的主客观结合计算方法进行详细的分析,并实例分析对该模型进行论证。","[""网络舆情"",""舆情预警"",""模糊数学"",""综合评价""]"
2016-12-05,基于组合预测的网络舆情数据预测模型研究,舆情预测,logistic 模型 组合预测,"针对网络舆情传播过程中引导与监督不及时的现状,通过组合预测模型,将常用的数据预测模型Logistic模型、指数平滑法模型和灰色GM(1,1)模型结合在一起,利用AHP法进行权重赋值,得出最优化网络舆情数据的预测值。并通过案例进行比较分析,对于网络舆情管控,维护社会稳定具有重要作用。","[""组合预测"",""网络舆情"",""Logistic模型""]"
2016-11-25,基于支持向量机的网络舆情危机预警探究,舆情预警,支持向量机 聚类分析,"针对信息化条件下的网络舆情分析需要,结合计算机理论,提出一种基于支持向量机算法的网络舆情预警模型。利用层次聚类算法对爬行器搜集到的数据进行预处理,从而提高数据的质量;结合网络舆情的相关预警指标,利用灰色理论模型构建网络舆情预测模型,并通过SVM支持向量机对预测的结果进行修正。最后通过仿真测试,与传统的预测模型相比,该算法具有较高的精确度。","[""支持向量机"",""舆情危机"",""预警"",""聚类算法"",""网络爬行器""]"
2016-11-20,基于BP神经网络的突发事件网络谣言危机预警,舆情预警,BP,"伴随突发事件产生的网络舆情往往容易异化为形式多样的网络谣言,损害政府形象的同时也增加了突发事件应对难度。对突发事件中的网络谣言进行风险评估是政府应对网络舆情危机管理的重要难题。在构建网络谣言预警指标体系的基础上,将BP神经网络模型用于网络谣言危机预警,进而实现突发事件网络谣言风险的定量评判。通过计算机模拟仿真实验,结合""和颐酒店女生遇袭事件""案例对该模型进行分析和验证。结论表明,将BP神经网络用于突发事件网络谣言危机预警是可行的,预警分级结果便于政府进行网络谣言的治理,对于减轻民众恐慌情绪和增强政府公信力有一定作用。","[""应急管理"",""网络谣言"",""BP神经网络"",""网络舆情"",""危机预警"",""公共管理""]"
2016-11-15,网络舆情研究新路径:大数据技术辅助网络内容挖掘与分析,舆情研究新路径,指导研究方式,"国内的舆情分析研究文献显示,舆情主要涵盖分析社会的现实和变动的状况,包括引发的事件本身及相关舆论生成的因素推论。针对当前网络舆情研究缺乏对舆情本质的理解和系统的分析框架,分析结果亦只依据描述性统计来作出等缺憾,提出一种全新的网络舆情研究路径,以覆盖度、测量和解释为网络舆情挖掘三大要素,搭建以人机结合的网络舆情大数据分析平台,即利用机器学习和网络挖掘技术初步概览舆情面貌,再以人工在线内容分析方法深度挖掘和解释舆情事件。将以具体案例说明此路径的实用性和可操作性。","[""网络舆情"",""大数据技术"",""网络挖掘"",""机器学习"",""内容分析""]"
2016-11-15,可视化分析技术在网络舆情研究中的应用,舆情与可视化,数据可视化,"由于网络舆情信息具有明显的大数据特征,使用传统的数据收集、分析与表现方法不仅存在效率低下的问题,而且难以发现其中的关键信息以及信息背后的潜在特征。就此而言,发端于科学计算领域的可视化分析技术能够化繁为简,用易于理解的图形图像揭示网络舆情的分布、发展和演化规律,因而在网络舆情研究中具有非常显著的应用价值。本文根据网络舆情信息呈现形式上的差异,分别探讨了层次信息、文本信息和关系网络信息可视化方法在网络舆情研究中的应用范式和实现途径,以期推进网络舆情研究的纵深化。","[""可视化分析"",""网络舆情"",""大数据""]"
2016-11-15,基于话题特征词的情感倾向性研究,舆情分析,PLSA模型,"面对民众观点日益沸腾的互联网时代,如何理解网络舆情的倾向性,并且对舆情加以合理的引导是一个日益重要的课题。本文利用PLSA模型对不同时间段上的网络舆情话题进行子话题提取,采用基于How Net的语义相似度模型对相应的子话题进行情感分析,通过与阈值的比较得出该话题的褒贬程度。","[""话题特征词"",""PLSA模型"",""语义相似度"",""情感倾向性""]"
2016-11-14 14:53,突发事件网络舆情扩散的政府应对仿真描述--基于三方博弈视角,舆情传播规律,三方博弈,"本文将三方博弈理论引入BA无标度网络,构建了基于多主体的网络舆情演化模型。模型以三方博弈过程为基础设定交互规则,由网民、网媒和政府及其交互规则组成。将政府舆情应对效果的主要影响因素和应对效果映射为模型中的参数,设计实验方案,通过对比分析得到实验结论,进而从政府角度提出舆情应对建议,最后指出本研究的不足和未来的研究方向。","[""网络舆情"",""三方博弈"",""BA网络"",""政府应对""]"
2016-11-10,基于CSSCI的我国网络舆情领域知识图谱研究,舆情知识图谱,指导研究方向,"以2011―2015年间CSSCI数据库收录的网络舆情领域的相关文献信息为数据源,借助文献可视化分析软件CiteSpaceⅢ绘制出我国网络舆情领域的核心作者、核心机构、关键词共现网络、研究前沿知识图谱,通过图谱直观展示了我国网络舆情的研究现状,得出网络舆情在不同时期的研究热点,揭示了我国网络舆情研究的发展与演进,并通过时区视图中词频变动和频次探究出我国网络舆情领域的研究前沿,旨在为今后我国网络舆情的深入研究提供借鉴。","[""CSSCI"",""网络舆情"",""知识图谱"",""CiteSpace""]"
2016-11-10,高校互联网研究热点领域构成及变化――基于2000-2015年CNKI数据库文献的关键词共词分析,舆情分析,关键词共词分析,"为更客观地理解近年来高校互联网研究热点的领域构成和变化,为今后研究提供可行性建议,采用关键词共词分析法对2000-2015年CNKI数据库的7228篇文献进行了热点知识图谱绘制。研究发现,高校互联网研究各个时段均由三大领域构成,但领域热点变化较为明显:初期主要关注互联网时代高校图书馆建设,中期主要关注互联网环境下高校思想政治工作,后期主要关注新媒体下网络舆情与高校思想政治教育研究。后继研究者可以通过以下途径提高研究质量:凝练高校互联网思想政治研究的主题,注重研究方法和技术手段的提升,组建国家层面的高校互联网思想政治研究虚拟团队等。","[""高校"",""互联网"",""研究热点"",""关键词共词分析""]"
2016-11-05,国内网络舆情治理研究的可视化分析――基于科学知识图谱的方法(CNKI),舆情应对方法,数据可视化 突变词监测,"当前,网络舆情已经成为了公共管理学、情报学、新闻传播学等学科研究的热点主题。为了促进国内网络舆情治理知识的增长及对实践治理发展更好地反馈,有必要对其研究发展脉络进行总结、梳理,以及时进行必要的反思、展望。以2006-2015年CNKI期刊全文数据库中的核心期刊和CSSCI来源期刊收录的736篇国内网络舆情治理研究论文为样本,采用文献计量学分析方法,利用引文网络分析工具CiteSpaceⅣ绘制科学知识图谱,得出2006-2015年国内网络舆情研究的热点研究主题及重要前沿趋势。结果表明网络舆论监督的生成机制及其应对机制是最重要的热点主题,而在当今媒体大发展的时代背景下,网络谣言引导研究、新媒体研究则共同成为重要的研究前沿。","[""网络舆情"",""舆论监督"",""国家治理体系"",""CiteSpace"",""突变词检测""]"
2016-11-02 11:13,网络舆情研究路径分析,舆情研究路径探讨,指导研究方向,"当前网络舆情研究已进入饱和阶段,应积极探索新的研究路径:""维权""新理念使网络舆情研究视角由以政府为主体的维稳转向以公众为主体的维权,""维安""新角度使网络舆情研究拓展至社会安全、政治安全、文化安全、经济安全等领域,大数据将促使网络舆情研究转向全数据、多向维度、舆情预测等方面,网络传播环境的变化(如微信的出现)将为网络舆情研究提供新的课题,新理论(如社会沟通理论的移植)可为网络舆情研究注入新的活力。","[""网络舆情"",""舆情研究"",""研究路径""]"
2016-11-01,数据挖掘技术在网络舆情管理中的研究,舆情管理,数据挖掘,"目前,随着海量网络舆情成指数增加,传统的数据处理技术不支持对海量舆情潜在信息的发现与挖掘,无法找到舆情信息之间的规则或关系,不能根据舆情现状预测未来发展趋势。在这种形势下,非常有必要把数据挖掘技术应用到网络舆情管理中,充分发挥数据挖掘的具体优势,从而实现对网络舆情的及时发现、快速分析、准确追踪和理性引导。","[""数据挖掘"",""网络舆情"",""研究""]"
2016-10-28,基于主成分分析的网络舆情快速预测方法,舆情预测,主成分分析,"网络舆情指标是评估网络舆情发展态势的重要决策依据,这些指标数量众多、结构复杂,信息之间往往存在冗余,且指标分析的计算量庞大。针对这些不足,提出了基于主成分分析的网络舆情快速预测方法。该方法利用主成分分析将多个网络舆情指标线性组合成一个或者几个彼此相互独立的综合指标,这些综合指标虽然在数量上小于原始指标,但仍然能够能保留原始指标体系中的大部分信息。因此可在保证准确率的前提下,有效提高网络舆情预测的效率。","[""网络舆情"",""指标"",""主成分分析"",""降维"",""网络舆情预测""]"
2016-10-24 16:47,基于动态贝叶斯网络的舆情预测模型研究,舆情预测,动态贝叶斯,"随着新兴媒体的出现,为了提前并更加准确地判断突发事件网络舆情的发展演化方向,以便做出比较合理的预测监控。文章基于动态贝叶斯网络模型,建立了关于突发事件的网络舆情预测监控模型。通过关联概率的计算,对动态贝叶斯网络中存在因果关系的节点变量进行预测。并以分析2014年上海踩踏事件为例,确定此事件对象中的节点变量,并通过10位专家评分的方式给出了对突发事件网络舆情进行预测的具体操作方法,得到比较合理的预测结果,证明了该方法的可行性和实用性。","[""网络舆情"",""预测"",""突发事件"",""动态贝叶斯"",""专家评分""]"
2016-10-18,网络舆情热点规模预测研究,舆情预测,幂律分布 伽马分布 回归Fenix,"[目的/意义]提出一种能实时预测舆情热点规模的方法。[方法/过程]通过对历史数据的分析发现网络热点话题帖的回帖时间间隔成伽马分布,并以此为基础利用回归分析得出了实时预测舆情热点规模的公式。该公式能够利用过去一个小时的回帖时间间隔特征来预测下一个小时的回帖规模。[结果/结论]用历史数据证明了该方法具有良好的预测效果。","[""网络舆情"",""回帖分布"",""幂律分布"",""伽马分布"",""回归分析""]"
2016-10-15,基于时序主题的网络舆情热点话题演化分析方法,舆情演化分析,时序主题,"针对舆情话题演化中的话题漂移和衍生效应,提出基于时序主题信息的舆情话题演化分析方法并通过加入时序标签,对舆情热点话题内容和强度的演化过程进行了可视化.实例证明,该文提出的话题追踪算法能够有效探测出各阶段的舆情热点话题、分析舆情演化趋势,为突发事件发展态势的预测提供理论借鉴.","[""网络舆情"",""话题追踪"",""时序主题"",""话题演化""]"
2016-10-15,基于LDA模型的高校论坛热点提取系统,舆情热点提取系统,LDA,"针对论坛缺乏热点话题提取方法的现状,提出一种将LDA(潜在狄利克雷分配)模型引入高校论坛场景主题的提取方式.在主题建模过程中,以回帖数量作为帖子热门程度的判定参数,根据帖子热门程度在语料中设置不同权重,随后使用Gibbs采样法提取主题.在此基础上设计并实现了包含数据抓取、文本预处理、主题提取三个模块的完整系统.将LDA模型引入系统并进行提取效果分析,实验结果表明LDA模型可以准确地提取出论坛文本中讨论的实时热点话题.","[""机器学习"",""潜在狄利克雷分配"",""主题模型"",""网络舆情"",""数据挖掘"",""高校论坛""]"
2016-10-05,基于系统动力学的移动社交网络舆情应对策略研究,舆情应对方法,动力学模型,"移动社交网络使用的日益普遍导致了移动社交网络舆情的生成与演化。首先对移动社交网络的相关主体进行分析,然后运用Vensim PLE软件构建移动社交网络舆情演化的动力学模型,并结合案例对模型进行仿真分析,以探索出有效的舆情应对策略。仿真结果最终表明提高政府信息透明度、官媒作用力,降低网民的舆情关注度能够科学有效地控制和引导移动社交网络舆情的传播与演化。","[""系统动力学"",""移动社交网络"",""网络舆情"",""应对策略""]"
2016-10-01,移动元胞自动机的个体化网络舆情聚类模型与仿真,舆情分析,元胞自动机,"为了研究舆情个体的个性对现实环境下网络舆情传播和演化的影响以及舆情个体""类聚""现象,采用元胞自动机理论的建模方法,将一定网格空间的个体抽象为带有情感倾向度的元胞,设定离散值的意见倾向度。此外,定义元胞的个体特性:坚定性权重β<sub>ij</sub>,个体影响权重λ<sub>ij</sub>。为了模拟舆情个体可以通过不同途径参与舆情事件,定义了一种新的移动规则,在边界周期条件下的元胞空间,实现了每个元胞与空间内的所有元胞的信息交流。实验结果表明:舆情演化到最后会呈现稳定状态,舆情个体的不同个性会影响稳态收敛的速度快慢;当个体特性取中间值时,系统最有可能出现意见群体意见归一现象。","[""舆情传播"",""元胞自动机"",""移动元胞"",""舆情个体特性""]"
2016-09-30,Logistic建模及其应用研究,舆情传播规律 舆情应对方法,logisit从微分方程,"分析Logistic建模原理、变量选择、建模过程,以差分方程及二元回归分析的视角研究确定Logistic模型的系数,通过实证分析研究网络舆情传播规律,尝试解决Logistic模型""瓶颈""问题,为研究Logistic模型规律及其应用提供参考。","[""Logistic模型"",""微分方程"",""网络舆情"",""回归分析""]"
2016-09-25,一种基于时间序列网络舆情热点事件发现模型,舆情发现,时间序列分析,"在大数据背景下,互联网每天都能产生大量的舆情信息,如何从大量的舆情信息中及时发现热点事件,有利于政府及时监控相关热点事件的发展趋势,对网民进行舆论导向的引导,减少舆情信息对社会的不良影响,保护网民的权益,促进社会的稳定.本文针对目前网络舆情热点事件发现模型存在的一些问题,提出了一个基于时间序列的排序模型用于发现热点事件,该模型采用影响热点事件的相关因素作为评价指标,并且指标的相关数据全部为客观数据,有利于模型评价的客观性.为了求解该模型,首先采用熵权法确定模型中指标的权重,然后提出将TOPSIS法和灰色关联法以相对贴近度的形式结合起来进行计算,以判断方案的优劣,最后通过实验验证,和其他热点事件发现算法进行对比,最终得出该方法具有比较好的客观性和准确性.","[""网络舆情"",""时间序列"",""排序模型"",""大数据""]"
2016-09-25,基于新闻类APP移动网络舆情传播模型研究,舆情传播规律,SEIR,"[目的 /意义]对于移动网络舆情信息的重要来源――新闻类APP的研究,可以揭示其传播规律,为相关部门加强移动网络舆情的监管提供参考。[方法 /过程]本文首先对新闻类APP移动网络舆情的传播主体进行分析,然后结合SEIR传染病模型,构建了新闻类APP移动网络舆情传播模型,最后使用MATLAB软件对模型进行仿真,并分析转换参数对传播曲线的影响程度。[结果 /结论]本文构建的模型与曲线不仅能够描述传播主体在网络中的比重变化,并且能够模拟出新闻类APP移动网络舆情的传播活力与传播范围。仿真实验结果证实了模型的有效性,对移动网络的舆情分析、研判和预警具有一定的参考价值。","[""移动网络"",""网络舆情"",""SEIR模型"",""新闻类APP""]"
2016-09-18 18:51,异质CA模型上含有导控策略的网络舆情传播研究,舆情传播规律,元胞自动机,"为了研究网络舆情在导控机制下的传播特点,并针对解析范式无法模拟微观个体交互产生宏观行为的缺点,在元胞自动机模型上,考虑舆情个体异质属性与个体之间意见交互特征,建立了一种含有导控策略的网络舆情控制模型。在此基础上,定义元胞基于邻域影响和本身异质属性决定的状态转换规则,提出了针对不同类别元胞的导控策略。在仿真环境中,对异质性元胞状态交互与演进进行了实验,从而分析异质属性和导控策略对舆情传播的作用效果。结果表明,对易感类、接触类和传播类元胞进行引导达到的舆情导控效果各不相同。元胞自动机上的舆情导控模型能够比较真实地反映网络舆情在导控作用下的传播情况。","[""异质性元胞"",""MATLAB仿真"",""网络舆情"",""导控策略"",""元胞自动机""]"
2016-09-18,基于社群用户特征的网络舆情传播趋势分析,舆情传播规律,Agent 方法,"[目的/意义]从社会网络视角出发,探究网络社群用户特征对舆情传播发展趋势的影响作用,旨在进一步揭示网络舆情传播的内在发展规律。[方法/过程]构建基于强弱关系的阈值模型,采用Agent方法,在无标度网络中模拟调节焦点、关系强度、网络异质性、社群认同等因素对舆情传播水平和速度的影响作用。[结果/结论]随着时间的增加,舆情传播水平呈现出先增长后趋于平稳的趋势,促进焦点型网络的发展水平高于防御焦点型网络;在适当的网络异质性条件下,促进焦点型网络的舆情传播水平和速度可以达到最大值;弱关系环境更有利于促进焦点型网络的舆情传播水平和速度的提升。","[""网络社群"",""网络舆情"",""舆情传播"",""Agent"",""关系强度"",""社群认同""]"
2016-09-15,基于改进的Elman神经网络的网络舆情预警模型,舆情预警,神经网络,"在深入分析影响网络舆情发展变化的各种因素的基础上,建立了三层网络舆情指标体系。针对表征舆情事件样本数据的非线性动态变化等特点,提出一种改进的Elman神经网络模型。该模型以量化的网络舆情指标为网络输入,以网络舆情预警等级为输出。实验结果表明,该模型在一定程度上降低了预测问题的复杂度,同时又在一定程度上提高了预警精度,为科学分析网络舆情预警机制提供一种解决问题的思路。","[""网络舆情"",""指标体系"",""Elman神经网络"",""预警模型""]"
2016-09-15,媒体作用下自媒体舆情的演化与引导,舆情演化分析,SEIR,"基于SEIR模型,应用MATLAB仿真软件,研究自媒体网络舆情的传播扩散过程,其后加入主流媒体的干预影响传播变量,再与无干预情况下传播过程进行比较,分析主流媒体在不同阶段对自媒体舆情传播的影响程度,并对自媒体舆情的管控提出应对策略。","[""媒体作用"",""自媒体舆情"",""SEIR模型""]"
2016-09-15,基于秩依效用理论的网络舆情传播博弈模型,舆情传播规律 舆情应对方法,Nash均衡,"针对当前研究的网络舆情传播问题,本文依据现有网络舆情的传播实例,归纳总结出网络舆情传播的新特征。探讨以""网络大V""为代表的舆情传播者和以政府部门为代表的网络舆情管控者之间的博弈模型,运用秩依效用理论,考虑博弈双方带有心理偏好时的博弈状态,依据不同的实际情况分析其Nash均衡。最后用实例对模型进行验证。","[""网络舆情"",""秩依效用"",""Nash均衡"",""心理偏好"",""传播"",""博弈"",""模型""]"
2016-09-12 16:03,基于马尔可夫模型的网络舆情热度趋势分析,舆情预测,马尔可夫模型,"针对网络舆情热度趋势的特点,利用基于马尔可夫模型的网络舆情热度趋势分析方法对巴黎恐怖袭击事件进行分析,该方法可有效预测热点网络舆情的走势,为后续建立网络舆情预警体系和网络舆情引导机制提供了理论支撑.","[""网络舆情"",""马尔科夫模型"",""趋势分析"",""恐怖袭击""]"
2016-09-10,网络舆情监控系统关键技术研究,舆情监控系统,数据挖掘 爬虫,"随着互联网的发展,以新浪微博为代表的自媒体平台已经成为报纸、广播、电视之后的第四大媒体,成为网络舆情的主要传播手段和媒介。在网络舆情监控发展的前期,主要通过人工的方式进行舆情监测。随着网络数据井喷式的发展,人工方式已经不能满足需求,需要通过自动化的软件来对大量的网络舆情信息进行处理。文章重点介绍了网络舆情监控系统的国内外研究现状;分析了网络舆情监控系统的核心技术需求,以及目前系统采用的主流技术方法和原理;根据现有技术方法的特性,提出了改进措施;并通过Python程序设计语言,开发了对改进技术措施进行了可行性验证。文章提出的改进技术措施,对进一步完善网络舆情监控系统给予一定的启示。","[""网络舆情"",""爬虫"",""python"",""数据挖掘与分析"",""数据收集""]"
2016-09-01 14:09,大数据时代下的网络舆情分析系统,舆情分析系统,大数据 舆情分析系统,"2003年被成为""大数据元年"",随着大数据时代的到来,网络舆情分析具体工作发生了变化。在舆情分析工作中,对于大数据技术的应用使分析工作有了更好的基础,同时,网络舆情分析工作在大数据技术的支持下更加的成熟、完善,鉴于网络舆情分析的公信力问题面临着严峻的挑战,本文从网络舆情分析系统的功能、应用、大数据时代的网络舆情分析三个方面探讨了大数据时代下网络舆情分析的系统。","[""大数据时代"",""网络舆情"",""舆情分析系统""]"
2016-08-31,危化品水污染事件中政府危机信息公布策略与网络舆情扩散研究:基于多主体模型,舆情传播规律,多主体模型，仿真模型,"本文基于多主体模型构建了危险化学品泄漏所造成的水污染事件中网络舆情扩散机制的仿真模型,以探讨不同的政府信息发布策略对网络舆情演化的影响,并探索有效的公众恐慌应急策略。特别的,该模型根据真实性,将危机信息分为真实信息和虚假信息;并根据不同的态度,将危机信息分为中性、有利和不利信息。其次,模型涵盖了主要的参与主体:网民、政府和媒体,并以两个典型的危化品泄漏事件为研究案例,检验模型的可行性与有效性。","[""危机信息"",""公众恐慌"",""网络舆情"",""危险化学品水污染"",""多主体模型""]"
2016-08-31,基于元胞自动机的网络信息传播和舆情干预机制研究,舆情传播规律 舆情应对方法,元胞自动机,"社交媒体的信息发布和转发机制使得信息传播速度越来越快,影响范围越来越广,也使得政府的应急处置面临前所未有的压力。目前,已有的舆情信息传播与决策模型研究主要基于两个方面:一是传染病传播模型,二是多属性模型,但很少有模型考虑了用户的个体特性和来自其他用户的影响。本文则结合用户个性从三个方面探讨舆情传播和干预机制:(1)来自周围邻居的影响;(2)用户自身对新信息的抵抗力;(3)外界环境的影响。研究方法基于元胞自动机模型对这些影响因素展开定量研究,并探讨这些影响因素对舆情传播和干预机制的影响。研究分为两个阶段,分别是舆情无干预自由扩散阶段和舆情干预阶段。在舆情干预阶段,主要探讨舆情干预措施强度和舆情干预措施实施的不同时间点对舆情传播的影响。基于这些研究以期对政府的网上危机处置提供决策支持。","[""元胞自动机"",""网络舆情"",""信息传播"",""社会关系""]"
2016-08-25,网络群体性事件演化博弈分析及对策研究,舆情演化分析 舆情应对方法,演化博弈理论,"网络群体性事件对现实社会的和谐稳定造成很大的影响,其网络信息传播过程分为潜伏期、爆发期、消亡期三个阶段。文章利用演化博弈理论,构建政府-普通网民-意见领袖之间的博弈模型,根据不同阶段博弈主体的期望收益,分析各参与主体的演化稳定策略,为政府有效防范和科学处理网络群体性事件提供理论依据。","[""网络群体性事件"",""网络舆情"",""演化博弈""]"
2016-08-25,一种基于马尔可夫链的微信舆情热度预测模型,舆情预测,马尔可夫链,"信息时代的发展,微信作为通信工具的同时也可以作为网络舆情传播的主要载体和平台,使信息传播更迅速,也使舆情事件的影响力增加。针对微信舆情热度的波动范围较大,并会呈现某种趋势的特点,文中提出了一种基于马尔可夫链的微信舆情热度趋势预测模型。该模型采集相关舆情的指标数据,得到热度的时间序列值;划分舆情热度趋势的状态空间;构建状态转移矩阵;预测热度的趋势变化区间。实验结果表明,该模型能有效地预测微信舆情的走势,从而为进行网络舆情管理和管理效果评估提供更有效的理论依据。","[""微信"",""网络舆情"",""舆情热度"",""马尔可夫链""]"
2016-08-25,评论簇在网络舆论中的情感倾向代表性研究,舆情分析,语义网络 知识图谱,"【目的】验证评论簇在网络舆论中具有情感倾向代表性作用。【方法】提出基于社会网络分析的评论簇对象情感倾向性分析模型。针对网络新闻事件,以新闻的用户评论(评论总集)为语料数据,对语料数据进行结构化处理和分析,借助评论主体的形式化关系,建立具有网络节点和拓扑连接关系的知识图谱,寻找最优评论簇。以评论簇的评论主体及其对应的评论对象为主,对评论簇内的核心人物及其评论进行语义分析,计算得到评论簇情感倾向,并与对应新闻的评论总集情感倾向作对比。【结果】实验结果表明,评论簇和评论总集中的情感强度趋于一致,新闻的评论簇对新闻具有较好的情感倾向代表性,并能将网络舆情对象情感挖掘算法的性能提高58%。【局限】由于本文的评论簇对象情感倾向性分析模型在情感特征词识别和抽取方法上使用不够完善,导致少量中文分词和词性标注错误、语法依存关系错误,且未将程度词考虑在内。【结论】评论簇在网络舆论中具有情感倾向代表性作用,可提高网络舆情对象情感计算的性能,可灵活有效地降低舆情分析的时间和空间复杂度。","[""语义网络"",""知识图谱"",""核心人物"",""网络舆情"",""评论簇"",""情感倾向计算""]"
2016-08-20,针对政府的微博网络舆情传播规律与对策研究――以新浪微博为例,舆情传播规律 舆情应对方法,扩散树,"以新浪微博为例,提出了一种基于扩散树的网络舆情传播模型,并探索微博舆情的传播规律及其对策。依照微博的传播特征及网络舆情生成规律,给出了微博网络舆情扩散树的定义及其构建方法;根据树的数理特征,揭示了基于扩散树的微博网络舆情""孤树""和""森林""传播规律,并进行了实证分析。基于扩散树特征,从舆情信息及时感知、官微澄清事实真相、积极培育微博红客、严厉惩处微博水军、政府官员谨言慎行、事件定性定论慎重六个方面,提出了应对微博网络舆情的策略。","[""网络舆情"",""微博"",""传播规律"",""扩散树""]"
2016-08-18,基于改进粒子群和BP神经网络的网络舆情预测研究,舆情预测,粒子群算法，BP神经网络,"[目的/意义]网络舆情是一种复杂、多变的系统,通过数据分析并建立网络舆情预测模型来预测其发展趋势具有一定的研究意义。[方法/过程]选择热点话题的百度指数作为网络舆情趋势预测的时间序列指标,采用粒子群算法和BP神经网络算法构建了基于改进粒子群算法和BP神经网络的网络舆情预测模型,并结合天津港爆炸事件案例进行验证与分析。[结果/结论]实验结果表明该模型在预测的性能上具有一定的优越性,为网络舆情预测提供了一有效模型。","[""网络舆情"",""网络舆情预测"",""粒子群算法"",""BP神经网络""]"
2016-08-05,政府面向网络舆情的知识源整合研究,舆情应对方法,空间向量模型 主成分分析,"科学有效的网络舆情管理是政府执政能力的体现,面对网络舆情知识需求的多样性,对知识源进行有效的整合能为政府组织应对知识提供技术和策略上的支持。通过空间向量模型构造网络舆情的知识需求,计算网络舆情知识供需之间的向量距离,应用多维主成分分析原理,把这些知识源中的知识片段通过重新整合解决网络舆情中的知识需求。能在较短的时间内、以较快的速度获取面对网络舆情知识需求所需的较全面有效的知识,为政府部门面向网络舆情提供有效的知识服务。","[""网络舆情"",""知识源整合"",""空间向量模型"",""主成分分析""]"
2016-07-24,基于流式计算的网络舆情分析模型研究,舆情分析,流式计算,"互联网时代,网络舆情的庞大数据规模和舆情分析的计算复杂性,使对网络舆情的分析和实时掌控变得愈发困难。面向快速、不断产生的网络舆情采用流式计算进行实时处理的分析模型,在时效性、突发性和无限性三个方面都更加符合网络舆情的自身特性。基于流式计算的网络舆情分析模型分为数据收集、舆情分析和舆情治理三个部分,通过对语义保障和负载控制等关键技术的把控,可以实现个案把握向整体掌控、被动响应向主动分析的转变。基于流式计算的网络舆情分析模型具有可扩展性,能够联合众多服务器及资源,具有平台优势,能够解决地方舆情分析中面临的技术门槛,保障网络舆情分析的准确性与及时性。","[""智能信息分析"",""流式计算"",""云计算"",""网络舆情""]"
2016-07-05,网络舆情衍生链的定量分析方法研究,舆情分析,定量分析,"网络舆情在演变过程中由于信息开放式、爆炸式的传播特点极易引发链式效应,其给社会带来的二次影响往往超过初始舆情本身。因此,对舆情衍生链的预警预测有利于政府及时掌握舆情主动权,优化舆情管理流程。本文根据网络舆情衍生的共性规律,归纳出三种基本的衍生链结构类型并给出了对应的衍生概率算法,最后列出了网络舆情衍生链定量分析的可操作步骤,以期丰富网络舆情定量研究成果,为政府科学治理网络空间提供有益思路。","[""网络舆情"",""舆情衍生链"",""衍生链结构"",""衍生概率"",""定量分析""]"
2016-07-01,关于我国政府危机管理中如何运用网络舆情的探究,舆情应对方法,PPRR模型 文献分析法,"随着互联网和网络社交平台的发展,网络舆情给地方政府处理公共危机事件带来了更大的挑战。本文将通过文献分析法,深入了解公共危机管理当前现状,并通过天津大爆炸事件这一实例来论述网络舆情对政府危机管理过程的影响。最后,文章在危机管理PPRR模型的基础上,将网络舆情引入至危机管理的四个阶段,提出地方政府如何有效利用网络舆情的具体操作方法,以此建立一个常态化的政府危机管理机制。","[""网络舆情"",""政府危机管理"",""PPRR模型""]"
2016-06-25,大数据背景下网络舆情主体交互机理与对策研究,舆情应对方法,微分方程模型,"分析大数据背景下网络舆情主体交互机制,提取影响网络舆情传播的关键变量,构建微分方程模型研究不同网络舆情主体交互作用问题,通过MATLAB进行数值仿真研究,根据静态仿真和动态仿真结果,得出网络舆情主体交互效果和变动规律,在此基础上提出了大数据背景下政府应对突发事件网络舆情的事前、事后对策。","[""大数据"",""网络舆情"",""交互机理"",""数学模型"",""对策""]"
2016-06-18,暴恐事件网络舆情风险预警研究,舆情应对方法,层次分析法 ABC分类法,"[目的/意义]为提高暴恐事件网络舆情决策的科学性及时效性,实现防御性预警,夺取反恐舆论战及心理战的主动权和话语权。[方法/过程]在研究暴恐事件及网络舆情影响因素的基础上,构建了包含暴恐事件、信息特性、媒体报道、网民反应四个维度的暴恐事件网络舆情风险预警指标体系,并运用层次分析法、ABC分类法对风险指标进行权重计算及风险评估。[结果/结论]为舆情风险预警提供符合实战需求以及可操作性强的重点监测目标,获得舆情高风险因素,并结合高风险因素及反恐现实需求提出舆情应对策略,以期为暴恐事件网络舆情预警处置提供有价值的参考。","[""暴恐事件"",""网络舆情"",""风险预警"",""层次分析法"",""ABC分类法""]"
2016-06-15 11:00,基于决策论元胞自动机的网络舆情传播研究,舆情传播规律,元胞自动机 决策轮,"在舆情传播研究中,传统元胞自动机采用多数演变规则,以多数情感代表倾向度,忽略了舆情个体间的相互影响,会导致错误的预测结果,为此,将决策论结合元胞自动机应用于舆情传播问题中.首先介绍元胞自动机和决策论的基本概念及特点;然后建立基于决策论的元胞自动机模型,以相对收益模型作为演变规则,设计元胞状态演变的遍历算法;最后通过实例和模拟仿真表明算法可实现舆情传播倾向度趋向明显,结果验证了算法的有效性和可行性.","[""元胞自动机"",""舆情传播"",""决策论"",""竞争收益"",""演变规则""]"
2016-06-15,网络舆情的知识网络结构、趋势与演化分析,舆情分析,可视化,"以CNKI和Web of Science数据库中关于网络舆情的相关文献为分析对象,基于共词网络分析法,对国内外网络舆情研究进行了文献计量分析,整理了该学科研究机构和作者的相关合作关系,并分阶段对网络舆情共词网络结构进行研究,通过学科知识网络可视化,展示了国内外网络舆情各阶段的研究热点和演化情况,最后将国外相关情况进行对比分析。研究结果表明,国内与国外的研究相比存在一定不足,在今后的研究中,国内应加强作者和机构之间的合作,积极与其他学科结合,努力开拓新的研究方向,促进网络舆情研究的发展。","[""网络舆情"",""共词网络"",""知识网络"",""知识结构"",""文献计量"",""可视化""]"
2016-06-05,网络舆情热点事件的可控性和筛选数学模型分析,舆情监测,数学模型,"本文通过数学模型分析网络舆情事件的可控性和筛选。首先,基于对舆情事件指标体系的分析和提取,选取舆情事件的点击量,转载量和评价量作为筛选指标;通过对舆情事件点击量函数的分析,提出把舆情事件区分为潜伏期、发展期和发热期的分界时间点计算公式,进而又把发热期的热点事件区分为可控、相对可控的难控事件;其次,定义了舆情事件的参照标准速率及热度值时间点,给出了筛选热点舆情事件的算法。最后,以""昆明市反对PX项目""、""昆明南博会""、""上海男子持械持枪""、""刘志军受贿""、""考生父亡隐瞒""事件为例,对它们的点击量和评价量进行了分时段统计,筛选和可控性分析。结果表明:""昆明市反对PX项目""为相对可控的热点事件,""刘志军受贿""为可控热点事件。","[""网络舆情"",""筛选"",""热点事件"",""可控性""]"
2016-06-05,基于数据立方体的网络舆情监测指标体系构建,传播 监测 应对,数据立方体 雪花型模式,"互联网技术的诞生,特别是WEB2.0时代的到来,将依靠人际传播的舆论搬上了网络平台,也因此对社会的发展和稳定产生了更加深刻的影响。如何有效地应对网络舆情可能产生的社会危机,成了社会管理者面对的重要问题。本文在对历史文献总结的基础上,借助数据立方体和雪花型模式,从舆情主题、舆情传播和舆情受众三个维度构建网络舆情监测指标体系。并从人民网舆情频道筛选了49个热点舆情事件对该指标体系进行了验证。","[""网络舆情"",""数据立方体"",""雪花型模式"",""监测指标体系""]"
2016-06-05,基于知识图谱的我国网络舆情研究进展可视化分析,舆情研究,指导研究内容,"采用文献计量和知识图谱可视化的方法,对中国知网数据库中近12年网络舆情相关研究的文献进行了定量统计,从时间分布、期刊分布、核心作者和研究机构等方面对网络舆情研究现状进行了可视化分析,并基于Cite Space软件对其研究热点和发展趋势进行了揭示,以期对相关研究和实践创新提供借鉴和参考。","[""网络舆情"",""知识图谱"",""文献计量"",""可视化""]"
2016-06-05,演化博弈视角下的网络伪舆情监管对策研究,监测 ,三方博弈,"网络伪舆情的监管治理区别于普通网络舆情的监管引导,目前专门针对伪舆情深入分析的策略研究相对较少。分析了伪舆情的危害,利用演化博弈方法建立伪舆情相关干系方的三方演化博弈模型,分析了治理网络伪舆情中各要素间的博弈关系。各方策略的选择受多种因素的共同影响,系统不会固定收敛于某一个均衡策略集合,监管成本、处罚力度等因素会直接影响系统的演化方向。最后给出针对网络伪舆情治理的具体策略建议。","[""伪舆情"",""演化博弈"",""舆情监管"",""网络媒体""]"
2016-05-25,微博舆情社会网络关键节点识别与应用研究,分析关键节点,改进PageRank算法,"文章在对国内外相关文献调查与梳理的基础上,从社会网络结构角度出发,设计舆情数据爬取系统,运用社会网络分析法来探索舆情网络中关键节点的识别与应用。具体应用时,以新浪微博为研究平台,通过爬虫系统抓取舆情数据并解析,构建微博舆情社会网络,运用改进PageRank算法对舆情网络中的关键节点进行识别与评价,实验结果证明本文所用算法是有效的。","[""新浪微博"",""网络舆情"",""社会网络"",""关键节点"",""改进PageRank算法""]"
2016-05-25,网络舆情事件中微博用户行为特征和关系分析――以新浪微博“雾霾调查:穹顶之下”为例,传播 用户特征,相关分析 回归分析,"文章在对社交媒体研究现状与重点及难点分析的基础上,选择以国内最具影响力的SNS网站新浪微博为研究平台,爬取与处理在微博平台上传播的有关舆情事件的关键字段信息,分析信息中所揭示舆情事件传播中的用户行为特征。并进一步从采集到的用户发布数、评论数、转发数等信息特征入手,借助数据的相关分析、偏相关分析、回归分析等方法研究用户行为关系。最后,提出具有一定参考价值的研究建议。","[""网络舆情"",""新浪微博"",""社交媒体"",""用户行为"",""相关分析"",""回归分析""]"
2016-05-18,基于SIS模型的网络群体性事件传播及防控研究,舆情传播规律 舆情防控,SIS传染病模型,"[目的/意义]网络群体性事件爆发性强,社会影响大,是近年来众多学者关注的焦点。研究网络群体性事件的传播规律,对政府进一步完善网络治理有一定的理论价值及现实意义。[方法/过程]利用SIS传染病模型中的动力学原理,综合考虑社会环境和各种影响因素,构建网络群体性事件传播的数学模型。模型可转化为一个可分离变量的微分方程,利MATLAB求解出网络群体性事件参与人数的变化轨迹。[结果/结论]模型表明,在促进函数和阻止函数的作用下,网络群体性事件的参与者和未参与者可以相互转换;根据网络群体性事件爆发前、爆发时、爆发后模型的仿真研究结果,认为在事件传播过程中存在着阈值;政府及相关职能部门可以参照阈值采取不同干预措施,有效控制网络群体性事件的发展。","[""网络群体性事件"",""SIS传染病模型"",""数值仿真""]"
2016-05-15,BBS话题的地理分布分析,舆情特征分析,LDA模型,"网络作为反映社会舆论的主要载体之一,其引发的舆情问题愈发突出.网络论坛(BBS)是网络舆情的重要数据来源.如何从BBS贴文中捕捉各地域的焦点问题、考察各话题热度的地理分布,对当前省一级的社会管理工作和决策有一定指导作用.文章选取民生话题为主的天涯论坛版块――""天涯杂谈""帖子为舆情来源,采用主题模型的基础模型LDA对包含空间地理信息的帖子建模,提出抽取热门话题的定量方法,从而在众多网民意见中提炼出舆情的地理分布信息,挖掘地域差异对话题的影响.","[""主题模型LDA"",""地理分布"",""天涯论坛"",""网络舆情""]"
2016-05-15,高校网络群体性事件舆情演化规律初探――基于多项式拟合的定量分析,舆情演化分析,多项式拟合,"高校大学生群体由于文化素质高、思维活跃、关心社会、思想不够成熟等,在网络敏感事件的诱使下容易在网络上形成一些过激语言和行动,从而形成一些大规模的高校网络群体性事件,给社会造成了巨大的影响力。因此,有必要清楚地了解各类高校网络群体性事件网络舆情的演化规律,用定量分析的方法进行科学的论证和预测。本文通过搜集5个典型的高校网络群体事件舆情演化的历史数据,建立了基于多项式拟合的舆情演化规律模型,得到了各类高校网络群体性事件舆情演化的具体规律,为科学预测和及时应对高校网络群体性事件起到一定的借鉴作用。","[""高校"",""网络群性体事件"",""演化规律"",""网络舆情"",""多项式拟合""]"
2016-05-15,基于ARIMA和BP神经网络模型的舆情情感预测,舆情预测,ARIMA模型 BP神经网络,"针对重大事件网络舆情数量的激增,网络舆情安全监管和预警形势严峻的情况,提出一种基于ARIMA和BP神经网络组合模型的网络舆情情感预测模型,进而对新浪微博上采集的""余姚水灾事件""进行文本情感值计算,并对其情感变化趋势进行综合分析和预测。预测结果表明,也组合预测方法相对于单一预测方法具有更高的精度,进而说明该模型在网络舆情情感预测中的应用是可行的。","[""网络舆情"",""情感值"",""组合模型"",""预测""]"
2016-05-04 10:12,耗散结构理论视域下重大医疗事故网络舆情有序化控制研究,舆情应对方法,耗散结构理论,"重大医疗事故网络舆情具有参与群体众多、观点难以稳定和社会热度高等特点,对网络舆情进行有序化控制在重大医疗事故公共危机管理中具有重要意义。本文从耗散结构理论的研究视角出发,以湘潭孕妇死亡事件为实证研究对象,采用文本挖掘和社会化网络分析方法对舆情的演化过程展开分析。研究结果显示,保持舆情系统开放性、营造舆论场非平衡态、充分利用舆情要素间的非线性制约作用,因势利导舆情的涨落以及建立完善的舆情预警机制等控制策略对于有序化控制具有积极作用。","[""重大医疗事故"",""网络舆情"",""有序化控制"",""耗散结构理论"",""文本挖掘"",""社会化网络分析""]"
2016-04-28,互联网数据在舆情研判中的效用研究,舆情特征分析,数据挖掘,"虽然互联网数据对于舆情研判工作具有重大价值,但由于互联网数据的海量、多源、异构等特性,以及数据噪声的存在,使目前的互联网数据处理技术表现出了一定的局限性,影响了互联网数据效用的发挥。大数据分析和计算实验技术能够提升互联网数据在舆情研判中的效用,在实际操作中应注重人的主导作用与技术辅助功能的互动耦合。","[""网络舆情"",""舆情研判"",""互联网数据"",""Web数据挖掘"",""效用分析""]"
2016-04-18,突发社会安全事件网络舆情演化的生存分析――基于70起重大社会安全事件的分析,舆情演化分析,COX模型 生存分析 Kaplan-Meier 分析,"[目的/意义]探索网络舆情的影响因素有助于舆情预警及增强政府应对社会安全事件的舆情能力。[方法/过程]以突发社会安全事件网络舆情数据为研究对象,采用生存分析方法对70起重大社会安全事件进行分析,描述了各类社会安全事件网络舆情的生存周期,探索了影响社会安全事件网络舆情生存时间的影响因素。[结果/结论]分析发现恐怖袭击、群体事件、刑事案件这三类事件生存时间有显著差异。作案人数、作案人社会地位等级、案件是否导致受害人社会地位变动三个因素对突发社会安全事件的生存周期有明显的影响。","[""生存分析"",""网络舆情"",""COX模型"",""突发社会安全事件"",""Kaplan-Meier分析""]"
2016-04-18,基于E-Divisive的网络舆情演化分析,舆情演化分析,E-Divisive,"[目的/意义]现有的网络舆情周期理论的舆情阶段间界定模糊,因此提出舆情阶段划分的定量模型,划分舆情演化阶段。有利于舆情演化的规律深层次挖掘,拓展了舆情周期理论。[方法/过程]该模型通过E-Divisive算法对网络舆情事件演化阶段的划分,提出一种新的分析网络舆情事件演化的研究思路。[结果/结论]最后,以""北京雾霾""事件为例进行实证研究,对该事件的生命周期进行定量研究,总结舆情事件的各阶段演化规律。","[""网络舆情"",""时间序列"",""阶段划分"",""E-Divisive"",""舆情演化""]"
2016-04-07 11:12,基于博弈的舆情信息仿真研究,舆情信息博弈,不完全信息动态博弈,"互联网的开放性、匿名性特点,使得政府在应对网络舆情传播时面临高度的不确定性。本研究使用不完全信息动态博弈理论,模拟政府和网民之间的舆情信息博弈过程,建立了舆情信息博弈模型。该模型引入了网民的个人认知能力和社会信息共享程度等因素,描述网民在每一次博弈中修正对政府行为的判断并做出自己的最优选择,预测政府干预网络舆情的最佳时机,最后运用Net Logo计算机软件对此模型进行仿真,验证了模型的有效性和可靠性。仿真结果表明:突发事件的社会信息共享程度和网民的认知能力对舆情信息的发展、走向起着至关重要的作用,所以突发事件发生后政府应果断介入,发布权威信息尽早引导网民,掌控舆情信息的传播方向。","[""舆情信息"",""不完全信息动态博弈"",""Netlogo仿真""]"
2016-04-05,基于网络舆情分析的汽车市场及消费研究,舆情分析与汽车市场与消费,关联分析,"在当今互联网信息迅速增长的时代,网络舆情信息已成为消费者信息搜集的主要渠道之一。本文通过建立网络舆情分析系统,利用该系统搜集、提取并分析海量的汽车网络舆情数据,将大量的、无规律的汽车消费者网络舆情信息整合成对汽车企业有市场价值的消费者产品评价报告。作者选取当前市场上较为流行且销量较高的七款车型的消费者网络舆情信息作为研究样本,主要应用网络爬虫、词频统计、关联分析等文本挖掘方法,对网络舆情信息进行抓取、清理和分析,重点研究了相同汽车细分市场内的车型竞争关系、消费者对各款车型的关注点和情感分析,以及舆情信息中主要关键词之间的关联性等内容,对企业制定产品战略具有参考价值。","[""网络舆情"",""提及量"",""竞品车型"",""情感分析"",""关联分析""]"
2016-04-05,大数据时代的网络舆情管理与引导研究,舆情监测系统的设计,大数据,"随着大数据时代的到来,网络舆情在数据体量、复杂性和产生速度等方面发生巨大变化.大数据时代,准确把握网络舆情的内在特征及其在演化过程中的潜在规律,对于新形势下做好网络舆论引导工作,维护网络社会安全,具有重要的理论意义和实践价值。在互联网大数据时代,借助计算机技术,及时、全面监控网络舆情已经迫在眉睫。将首先探讨大数据带来的网络舆情新变化,接着阐述了应对舆情策略,最后介绍了基于Web Crawler和Lucene的网络舆情监测系统的设计思想.","[""大数据"",""网络舆情"",""舆论引导""]"
2016-04-05,面向微博舆情演化分析的隐马尔科夫模型研究,舆情演化分析,马尔柯夫模型,"微博舆情是互联网舆情表现的新形式,已成为影响国家安全和社会稳定的不确定因素,是网络舆情监测、预警和管控决策支持领域的新问题。本文运用隐马尔科夫模型(HMM)理论,选择网民特征、信息主题和信息内容完整度三维指标,根据微博舆情的事件演化阶段建立HMM状态空间、确定观测值、计算相关的参数,从而构建了面向微博舆情演化分析的隐马尔科夫模型,以揭示微博舆情演化发展的一般规律,并对模型的有效合理性实证验证。","[""网络舆情分析"",""隐马尔科夫模型"",""舆情分析模型"",""微博舆情监管""]"
2016-04-05,基于小波分析与人工神经网络的网络舆情预测,舆情预测,小波分析 神经网络,"针对网络舆情发展过程的复杂性和多成分的特点,本文提出一种基于小波分析和人工神经网络的网络舆情建模和预测方法。利用小波变换将舆情发展过程分解到不同的尺度层面上,形成舆情发展过程的整体趋势、细节等部分,然后通过人工神经网络对每个部分进行建模并最终达到预测的目的,并与其他预测模型进行对比实验。结果表明,相对于其他模型,本文提出的小波-人工神经网络预测模型具有较高的精确度和稳定性。","[""网络舆情"",""小波分析"",""人工神经网络""]"
2016-03-31,重大生产安全事故的网络舆情传播分析及其政策建议――以“8・12天津港爆炸事故”为例,舆情传播规律 舆情应对方法,多层多属性舆情传播模型 仿真建模,"""8・12天津港爆炸""属于生产安全类中特别重大事故,党中央和国务院高度重视。事故发生后,应急处置工作稳步推进,而与此同时,互联网上的舆情阵地却快速陷落,成为""8・12天津港爆炸""事故的重要次生灾害。因此,本文以""8・12""事故引发的网络舆情为分析对象,基于该舆情传播的几大特征,建立集主体、信息、心理、观点四种要素的多层多属性舆情传播模型,应用仿真工具进行多情景分析,全面获取此类重大突发事件的舆情形成及演化规律,据此提出重大生产安全事故类突发事件的舆情处置建议。","[""网络舆情"",""多层多属性舆情传播模型"",""仿真建模"",""政策建议""]"
2016-03-15,基于大数据的危险化学品事故网络舆情研究――以天津港“8・12”爆炸事故为例,舆情分析,大数据分析,"百度指数和新浪微指数是以海量网民行为数据为基础的大数据开放平台,是公共管理领域实时、快捷地研究网络舆情的主要来源之一。本文采用K-均值聚类方法和波特五力模型,以天津港""8・12""爆炸事故为例,借助百度指数和新浪微指数平台,研究危险化学品事故网络舆情的演变规律和影响因素。研究结果表明,危险化学品事故发生后,网络舆情迅速爆发,事故发生后的第七天或首个周末,关注度出现小幅反弹,随后逐渐消退;网络舆情演变过程的主要影响因素是危险化学品事故自身的影响力、关注网络舆情的网民和掌握事故稀缺信息的政府,其中政府是处理网络舆情的主导力量。大数据平台的出现为政府实时监管和控制网络舆情走向提供可能,基于大数据的网络舆情研究为完善危险化学品事故应急管理预警系统提供科学支撑。","[""危险化学品事故"",""网络舆情"",""大数据"",""舆情热度"",""天津港爆炸事故""]"
2016-03-15,大数据环境下网络舆情评估模型的构建,舆情评估,Mashup,"当前网络舆情的发展呈现随时间变化的过程,本文研究在大数据环境下实现预警的软件模型的构建。提出网络舆情信息获取的Mashup模式,建立评估数据集合;针对具体的网络舆情评估指标体系,提出一种通用的舆情综合度量方法;实现对舆情的分级度量,把网络舆情从高到低划分为红、橙、黄、绿等四个等级,以供相关组织决策。","[""大数据"",""网络舆情"",""Mashup"",""评估体系"",""综合度量""]"
2016-03-15,网络舆情倾向性预测模型仿真研究,舆情预测,自动构词算法 支持向量机 特征提取 聚类分析,"在对网络舆情倾向性预测建模过程中,由于网络舆情倾向性话题评论频繁,数目众多,使得网络舆情倾向性受到特征词语出现频率的影响产生无规律性。传统的网络舆情倾向性预测方法,主要是以特征词语出现频率为前提来建模,忽略了少数词语会对舆情倾向性产生翻转性影响因素,导致网络舆情倾向性预测分析准确性差的问题。提出文本网络舆情倾向性预测模型,将中文自动构词算法的SVM文本倾向性分类方法词库和信息瓶颈的特征提取方法相结合,自动化的动态构建专用词库,引入信息瓶颈概念,根据文章关键词的性质进行分类,在结合概念抽取的方法,将词聚类结果映射到知网义原,并作为分类特征完成网络舆情倾向性的预测。仿真结果表明,上述方法能够有效提高网络舆情倾向性的预测准确度。","[""的句子个数。"",""自动构词算法"",""支持向量机文本"",""信息瓶颈"",""特征提取"",""关键词聚类"",""概念抽取""]"
2016-03-05,基于大数据的网络舆情分析系统模型研究,舆情特征分析,大数据分析,"随着Web2.0的发展,人们交流更加便利,互联网成为思想文化和社会舆论的重要传播渠道。同时,每天以PB规模增长的数据也为相关部门对网络舆情的管理和态势研判带来了很大困难。基于此,本文在分析大数据及网络舆情相关概念和特征的基础上,构建了基于大数据的网络舆情分析系统模型,描述了系统各组成模块功能。并将分布式并行数据处理技术引入到舆情分析的各个关键步骤中,对应用大数据技术处理网络舆情数据进行了初步的探索。","[""大数据"",""网络舆情"",""Hadoop"",""分布式""]"
2016-03-01,基于复杂网络的网络舆情动态演进影响机制研究,舆情演化分析,动态博弈,"随着网络社会的崛起,作为社会舆情在互联网空间映射的网络舆情已成为最为活跃的社情民意表达方式,对现实社会的影响力越来越大,逐渐深度介入到各种社会现象、社会问题以及社会事件的发展和变化中,演变为现实的政治和公共管理。在此背景下,探究网络舆情演进过程和演进规律,对网络舆情演进过程中的影响机制进行系统分析,具有重要现实意义。本文从对国内外相关研究成果梳理入手,基于复杂网络的理论分析和网络舆情的演进特点,综合运用建模仿真和实证分析等研究方法,通过对网络用户主体行为特征、行为动机和网络关系进行合理抽象,构建复杂社会网络中的网络舆情演进模型,从政府、媒体和网民动态交互的网络成员、网络关系等新的研究视角,对网络舆情动态演进的影响机制进行了深入研究。本文的具体研究工作如下:首先,根据观点动力学的建模范式,对复杂网络的特征、统计特性和网络类型以及网络舆情演进的特点、影响因素等进行理论分析,提出了基于复杂网络的网络舆情动态演进影响机制的研究框架。复杂网络的建模方法能够通过研究微观个体的自我变化和交互作用,反映出宏观层面的聚合效应。运用复杂网络理论进行网络舆情动态演进影响机制的研究,可以很好地反映出网络舆情的演进规律与影响特性,使基于复杂网络的网络舆情动态演进模型具有更可靠的现实刻画作用。在此基础上,结合对网络舆情传播特点、主体特征、影响因素和演进路径等相关理论的分析,形成了本文的研究框架,为下一步的深入研究奠定的理论基础。其次,基于复杂网络的建模思想,从影响网络舆情动态演进的网络主体行为动机和复杂网络结构模型两方面进行分析,改进了主体行为交互规则,并设计启发式优化算法,构建了基于复杂网络的SNO网络舆情动态演进模型。选择具备很高社会影响力和数据可得性的新浪微博用户为研究对象,通过新浪API接口设计一个网络应用程序并发布该应用,邀请微博普通用户参与填写选择自己转发微博的动机,获取微博用户转发该条微博的主观信息,运用计量经济学的主成分分析法进行数据分析,挖掘网络舆情动态演进过程的参与主体行为特征,为网络舆情动态演进模型的主体行为属性设置奠定基础。对目前广泛应用的无标度网络模型和小世界网络模型进行比较分析,NW小世界网络模型利用“随机化加边”建立节点间的连接,避免了孤立网络的出现,从网络用户行为特征和网络舆情传播观点聚合特性看,具有BA无标度网络、WS小世界网络不可比拟的优势,因此本文选择nw小世界网络模型作为复杂网络的模型结构。根据网络舆情动态演进weisbuch-deffuant模型的建模方法,研究提出改进的主体行为交互规则;根据sir病毒传播模型范式,构建了基于复杂网络的sno网络舆情动态演进模型,并设计了加速动态演进影响模型收敛的启发式优化算法。再次,运用进化博弈复制动态分析和仿真方法,研究基于复杂网络的网络成员对网络舆情动态演进的影响机制。参与网络舆情演进过程的网络成员主体包括政府、媒体和网民,在舆情演进过程中,三者之间是相互联系、相互制约、相互作用的关系。对网络舆情演进过程的各参与主体博弈关系进行分析,进而设计政府主导下的网络舆情演进中政府、媒体、网民动态博弈机制,建立三方动态博弈模型,推导动态博弈模型的最优解,给出了各参与主体在不同情况下的稳定性策略,运用三维立体图分析不同策略组合的渐进趋势,并以“松花江水污染事件”为例对该事件中政府、媒体和网民三者的行为变化进行动态仿真分析。仿真结果认为,政府发布信息越早对网民和媒体的影响作用越大,效果越好;政府引导力度加大,会对网民和媒体释放积极信号,取得事半功倍的引导效果;监管力度则仅对媒体的影响较大,而对网民的影响较小;媒体的态度影响网民的态度;政府的公信力越高,网民和媒体的接受度越高;政府信息的真实度越高,越能在短时间内赢得媒体和网民的趋同,使网络舆情趋向均衡状态。然后,运用复杂网络的仿真分析方法,研究基于复杂网络的网络关系对网络舆情动态演进的影响机制。根据多主体行为特征和行为动机提出研究假设,对政府、媒体、网民主体属性进行修正,推演出网络关系变化的若干推论;分析设置了主体交互规则,构建了考虑网络关系的sno模型主体交互规则,运用netlogo仿真软件对瓮安事件中政府、媒体和网民的行为和网络舆情动态演进过程进行仿真实验,并结合哈尔滨“天价鱼”事件对仿真结果进行了验证。实验结果表明,通过改变网络主体之间的关系强度,可以测度政府、媒体、网民之间网络关系的变化对网络舆情动态演进的影响。如果政府的影响权重较大,绝大多数网民和媒体都会与政府保持一致态度;一旦网民、媒体、政府的影响权重比较接近,网民、媒体在舆情演进过程中所持态度易产生波动;若政府的公信力较低,导致政府的影响权重较小,网民、媒体可能出现分化走势,影响政府对舆情的干预效果;即使在政府影响权重稍弱的情况下,如加大监管力度,提前介入并向媒体或网民释放积极信号,也会对网络舆情动态演进产生积极影响。最后,运用案例分析的方法,对哈尔滨“天价鱼”事件中政府、媒体和网民三者之间的博弈关系进行分析,结合网络舆情动态演进的四个阶段,深度挖掘网络关系对网络舆情动态演进的影响机制,并进一步分析了网络关系不同策略选择对网络舆情动态演进的影响。希望本文的研究为探究复杂网络舆情动态演进影响机制、挖掘网络用户行为规律、正确进行舆情干预和引导提供借鉴。","[""复杂网络"",""网络舆情"",""舆情演进影响机制"",""动态博弈"",""仿真""]"
2016-02-15,基于时间记忆的网络舆情意见交互模型研究,舆情意见交互模型,HK模型,"如何设计更符合实际情况的意见交互模型,使仿真研究结果更具真实性,是网络舆情仿真研究的核心问题。目前针对意见交互过程的多数研究仅考虑了邻居对意见形成的影响,忽略了以往符合遗忘规律的历史时刻个体意见态度对当前意见的""冲击""。本文在梳理、分析经典意见交互模型的基础上,考虑个体意见演变的时间记忆问题并结合卷积理论提出了新思路,建立基于HK模型的具有时间累积效应的意见交互规则模型,并给出算法实现。仿真研究结果表明:网络舆情中网民某时刻的意见值不仅受到当时周围邻居的影响,自身的历史记忆也对此产生作用。","[""交互规则"",""HK模型"",""卷积"",""时间记忆"",""仿真""]"
2016-02-15,基于K-中心轮换算法的湖南省移动互朕网网络舆情服务系统的二次开发,舆情服务系统,K-中心轮换算法,"移动互联网舆情传播具有用户数量庞大,发展速度快,信息交流和传播具有泛在性、永久在线性、交流的碎片化和舆论的趋同性的特点,舆情安全变得更加复杂。舆情监控服务至少要实现大数据采集、大数据挖掘和信息源定位三个功能。当前的网络舆情服务系统数据挖掘效率低、聚类分析功能弱,利用k-中心轮换算法可以避免出现局部最优,提高聚类分析的精准度,但仍存在需要事先输入簇数、伸缩性较差等缺点。","[""移动互联网"",""网络舆情"",""数据挖掘""]"
2016-02-15,互联网大数据的多维度网络舆情有效融合分析,多维度舆情融合,大数据分析,"近年来,基于大数据技术对多维度的网络舆情进行融合与分析的技术已经进入到各方的事业当中来。在这一背景下,通过对于互联网大数据的多维度网络舆情的全面剖析,找出其中最有效的融合途径与方法,并通过这一有效途径,为今后多维度网络舆情的有效融合及其相关管理与融合体系的建立提供必要的理论基础与实践指导。此种有效融合途径的实现不仅改变了网络信息的传播途径,极大的增加了传播数据,更是能够从数据底层获取其数据传播的节点信息,无论是对自身信息的融合还是舆情的管理与预判均具有积极意义。","[""互联网"",""大数据"",""多维度"",""网络舆情"",""有效融合途径""]"
2016-02-05,公共危机事件网络舆情热度模型研究,舆情特征分析 舆情应对方法,Gompertz模型,"分析公共危机事件网络舆情信息数据特征,以网络信息量为研究对象,分别构建自然状态下和政府有效干预下的公共危机事件网络舆情热度模型,研究模型稳定性并定义化解度来分析舆情化解程度,结合实例进行模型应用研究,为政府应对公共危机事件网络舆情提供参考。","[""公共危机"",""网络舆情"",""Gompertz模型"",""化解系数"",""能力评估"",""实例研究""]"
2016-02-05,基于网络舆情的政府信息服务公众满意度评价研究,舆情用于综合评价,粗糙集方法,"基于网络舆情分析了政府信息服务公众满意度影响因素,参考顾客满意度模型建立了基于网络舆情的政府信息服务公众满意度指数模型。针对指标权重获取的问题,构建了基于粗糙集条件信息熵的政府信息服务公众满意度智能评价方法。考虑到政府信息服务公众满意度评价分析中常见的小样本数据特点,将决策表进行合理分块划分,以层次式计算的方式基于粗糙集方法逐步实现对各个评价指标权重的客观求取。算例分析和实验比较,验证了本文所构建的基于网络舆情的政府信息服务公众满意度智能评价方法的有效性与优越性。","[""政府信息服务"",""网络舆情"",""公众满意度"",""粗糙集"",""信息熵"",""权重""]"
2016-01-15,邻避型群体性事件中网络舆情的监测与引导,邻避型群体性实践中网络舆情的监测与引导,邻避型公共事件,"在我国社会转型的关键时期,由邻避设施所引发的群体性事件频发,成为学界的研究热点。基于传播学视角下的邻避事件中网络舆情传播探析首先要分析传播要素、传播周期和传播特点。然后,分析邻避事件中网络舆情的影响建构:网络舆情往往因""蝴蝶效应""、政府部门监管不力、媒体追求""眼球效应""、民众急于维权等因素而走向失控;从而表现出谣言泛滥、群体极化、官民情绪对立等突出特征;网络舆情能够起到信息传递、引导监督和超前预警的正向作用,但也会造成邻避设施的被污名化、恐慌性情绪以及激化官民矛盾的负面影响。要搞好网络舆情监测与引导必须从政府转变职能、媒体承担责任、群众理性参与等措施入手,多方合力联动,才能收到预期效果。","[""邻避型群体性事件"",""网络舆情"",""监测与引导""]"
2016-01-15,网络舆情内容分析中的Web文本语义特征抽取研究,舆情分析,语义特征抽取,"网络舆情内容分析的重点是Web文本的内容处理,而抽取Web文本特征是内容处理的基础。首先利用N-Gram算法进行特征项选择并计算权重,然后利用网络舆情领域本体对原始特征进行抽取转换,得到Web文本的语义特征,利用语义特征向量来表征Web文本,将Web文本的相似度转换为基于领域本体的语义特征相似度,提高了网络舆情内容分析的准确度。实验结果表明该方法达到了理想效果。","[""网络舆情分析"",""语义特征"",""抽取转换""]"
2016-01-12 09:46,大数据网络舆情信息情感维度要素的关联模型构建,舆情特征分析,关联模型,"[目的/意义]情感维度是网络舆情信息预警级别的评定信号,其影响要素关联模型的构建能够较为清晰地描述各要素间及其与大数据网络舆情环境之间的错综复杂关系,从而为深入探讨大数据网络舆情信息的情感发展规律提供参考。[方法/过程]根据情感维度理论,从情感的种类、情感的转换、情感的唤起3个维度建构大数据网络环境下舆情信息情感维度要素关联模型。[结果/结论]实证分析结果表明:大数据舆情信息情感维度模型中舆情信息的情感级别与情感反应、情感焦点维度之间存在显著相关;情感指向与其他维度之间存在弱相关;情感维度模型中没有完全无关的要素。","[""大数据"",""网络舆情"",""情感维度"",""关联模型"",""实证分析""]"
2016-01-12 09:45,网络舆情信息语义识别关键技术分析,舆情语义识别技术,语义识别技术,"[目的/意义]在梳理和分析主要网络舆情语义识别关键技术的基础上,详细分析网络舆情信息情感倾向性分析技术、网络舆情话题识别技术的现阶段研究状况。[方法/过程]从技术特征中提取出处理精度、技术复杂程度、通用性、适应性等指标,根据所提出的指标对网络舆情信息语义识别关键技术加以比较分析。[结果/结论]分析得出各类技术的优劣之处,挖掘其未来的发展方向,为有效开展舆情监测和管理实践提供参考。","[""网络舆情"",""语义识别"",""识别技术""]"
2016-01-12 09:43,网络舆情观点提取的LDA主题模型方法,舆情观点分析,LDA主题模型,"[目的/意义]无处不在的网络舆情信息深深影响甚至误导网络受众,探讨揭示网络舆情观点的方法,旨在拓展用户的认知深度和广度,提高大众对舆论的辨识能力。[方法/过程]从技术上对比分析观点提取方法间的差异,从认知上阐释网络舆论平台的群体智慧和受众个体的认知过程,进而明确LDA主题模型提取舆情观点的优势及路径。[结果/结论]结合舆论主题和情感因素,基于LDA的网络舆情观点提取,可从海量评论中判定深度评论,摘取主要观点,借助群众智慧,有效拓展个体思想和认知,为从大规模舆情中有序呈现受众观点提供新路径,也为舆情监测与疏导提供切实的依据。","[""网络舆情"",""LDA"",""主题模型"",""语义"",""观点""]"
2016-01-12 09:42,网络舆情语义倾向性的隶属度研究,舆情语义倾向性,语义识别技术,"[目的/意义]研究网络舆情语义倾向性隶属度,增强对网络舆情研判与引导的科学化程度,为相关部门提供决策参考。[方法/过程]在探讨网络舆情语义识别的基础上,运用模糊数学方法对网络舆情信息语义倾向性隶属度进行相关研究,并结合具体实证展开分析。[结果/结论]实验结果表明,本文所提出的算法能够深入挖掘网络舆情语义倾向性信息,更好地为相关管理者提供舆情危机预警服务,提高决策效率。","[""网络舆情"",""语义识别"",""语义倾向性"",""隶属度""]"
2016-01-05,基于共现分析的网络舆情话题发现及态势演化研究,舆情观点分析,聚类分析 最大信息系数,"提出一种改进的共现分析方法,在对主题词频数进行加权的基础上,计算词对的最大信息系数(MIC),从而更准确地度量主题词间的相似性。再利用社会网络分析方法对主题词共现网络进行聚类分析,可较好地识别和概括网络舆情信息中的主要话题。基于MIC计算的主题词集合的密度和中心度,也充分揭示了话题内容的态势演化。实验表明,本文提出的网络舆情信息研究方法有应用价值,可提高对网络舆情信息精炼和概括的效率。","[""网络舆情"",""共现分析"",""最大信息系数"",""话题发现"",""态势演化""]"
